Scenario,Forecast,Date,RGDPgr_CCAR2018_Adverse,RGDPgr_CCAR2018_Baseline,RGDPgr_CCAR2018_Severely_Adverse,RealDisposableIncomegr_CCAR2018_Adverse,RealDisposableIncomegr_CCAR2018_Severely_Adverse,RealDisposableIncomegr_CCAR2018_Baseline,UE_Rate_CCAR2018_Baseline,UE_Rate_CCAR2018_Adverse,UE_Rate_CCAR2018_Severely_Adverse,UE_Growth_CCAR2018_Baseline,UE_Growth_CCAR2018_Adverse,UE_Growth_CCAR2018_Severely_Adverse,CPI_Inflation_Rate_CCAR2018_Baseline,CPI_Inflation_Rate_CCAR2018_Adverse,CPI_Inflation_Rate_CCAR2018_Severely_Adverse,3M_Treasury_Rate_CCAR2018_Baseline,3M_Treasury_Rate_CCAR2018_Adverse,3M_Treasury_Rate_CCAR2018_Severely_Adverse,5Y_Treasury_Rate_CCAR2018_Severely_Adverse,5Y_Treasury_Rate_CCAR2018_Adverse,5Y_Treasury_Rate_CCAR2018_Baseline,10Y_Treasury_Rate_CCAR2018_Adverse,10Y_Treasury_Rate_CCAR2018_Severely_Adverse,10Y_Treasury_Rate_CCAR2018_Baseline,BBB_Corporate_Yield_CCAR2018_Adverse,BBB_Corporate_Yield_CCAR2018_Severely_Adverse,BBB_Corporate_Yield_CCAR2018_Baseline,Mortgage_Rate_CCAR2018_Adverse,Mortgage_Rate_CCAR2018_Severely_Adverse,Mortgage_Rate_CCAR2018_Baseline,Prime_Rate_CCAR2018_Severely_Adverse,Prime_Rate_CCAR2018_Adverse,Prime_Rate_CCAR2018_Baseline,Dow_Jones_CCAR2018_Severely_Adverse,Dow_Jones_CCAR2018_Adverse,Dow_Jones_CCAR2018_Baseline,HPI_CCAR2018_Severely_Adverse,HPI_CCAR2018_Adverse,HPI_CCAR2018_Baseline,Commercial_RE_Index_CCAR2018_Baseline,Commercial_RE_Index_CCAR2018_Severely_Adverse,Commercial_RE_Index_CCAR2018_Adverse,VIX_CCAR2018_Severely_Adverse,VIX_CCAR2018_Adverse,VIX_CCAR2018_Baseline,EU_RGDPgr_CCAR2018_Baseline,EU_RGDPgr_CCAR2018_Adverse,EU_RGDPgr_CCAR2018_Severely_Adverse,EU_Inflation_CCAR2018_Baseline,EU_Inflation_CCAR2018_Adverse,EU_Inflation_CCAR2018_Severely_Adverse,EU_USD_Rate_CCAR2018_Baseline,EU_USD_Rate_CCAR2018_Adverse,EU_USD_Rate_CCAR2018_Severely_Adverse,UK_RGDPGR_CCAR2018_Baseline,UK_RGDPGR_CCAR2018_Adverse,UK_RGDPGR_CCAR2018_Severely_Adverse,UK_Inflation_CCAR2018_Baseline,UK_Inflation_CCAR2018_Adverse,UK_Inflation_CCAR2018_Severely_Adverse,UK_USD_Rate_CCAR2018_Baseline,UK_USD_Rate_CCAR2018_Adverse,UK_USD_Rate_CCAR2018_Severely_Adverse
Actual,No,1976 Q1,9.3,9.3,9.3,4.8,4.8,4.8,7.7,7.7,7.7,,,,4.7,4.7,4.7,4.9,4.9,4.9,7.4,7.4,7.4,7.6,7.6,7.6,9.4,9.4,9.4,8.9,8.9,8.9,6.8,6.8,6.8,,,,23.5,23.5,23.5,50.9,50.9,50.9,,,,6.7,6.7,6.7,,,,,,,6.5,6.5,6.5,14.9,14.9,14.9,1.916,1.916,1.916
Actual,No,1976 Q2,3.1,3.1,3.1,2.1,2.1,2.1,7.6,7.6,7.6,,,,3.6,3.6,3.6,5.2,5.2,5.2,7.4,7.4,7.4,7.6,7.6,7.6,9.4,9.4,9.4,8.8,8.8,8.8,6.9,6.9,6.9,,,,23.6,23.6,23.6,51.8,51.8,51.8,,,,5.2,5.2,5.2,,,,,,,-0.7,-0.7,-0.7,9.5,9.5,9.5,1.785,1.785,1.785
Actual,No,1976 Q3,2,2,2,3,3,3,7.7,7.7,7.7,,,,6.5,6.5,6.5,5.2,5.2,5.2,7.3,7.3,7.3,7.6,7.6,7.6,9.1,9.1,9.1,9,9,9,7.1,7.1,7.1,,,,24.6,24.6,24.6,52.6,52.6,52.6,,,,3.4,3.4,3.4,,,,,,,5.1,5.1,5.1,13.8,13.8,13.8,1.66,1.66,1.66
Actual,No,1976 Q4,3,3,3,2.4,2.4,2.4,7.8,7.8,7.8,,,,5.9,5.9,5.9,4.7,4.7,4.7,6.5,6.5,6.5,7.1,7.1,7.1,8.8,8.8,8.8,8.8,8.8,8.8,6.5,6.5,6.5,,,,25.5,25.5,25.5,53.4,53.4,53.4,,,,6.6,6.6,6.6,,,,,,,8.7,8.7,8.7,21.6,21.6,21.6,1.701,1.701,1.701
Actual,No,1977 Q1,4.7,4.7,4.7,-0.1,-0.1,-0.1,7.5,7.5,7.5,-2.6,-2.6,-2.6,7.5,7.5,7.5,4.6,4.6,4.6,6.8,6.8,6.8,7.2,7.2,7.2,8.8,8.8,8.8,8.7,8.7,8.7,6.3,6.3,6.3,,,,26.6,26.6,26.6,55,55,55,,,,1.7,1.7,1.7,,,,,,,0.2,0.2,0.2,21.3,21.3,21.3,1.72,1.72,1.72
Actual,No,1977 Q2,8.1,8.1,8.1,5.1,5.1,5.1,7.1,7.1,7.1,-6.58,-6.58,-6.58,7.2,7.2,7.2,4.8,4.8,4.8,6.8,6.8,6.8,7.3,7.3,7.3,8.7,8.7,8.7,8.8,8.8,8.8,6.5,6.5,6.5,,,,27.7,27.7,27.7,56,56,56,,,,0.5,0.5,0.5,,,,,,,-2.9,-2.9,-2.9,14,14,14,1.72,1.72,1.72
Actual,No,1977 Q3,7.3,7.3,7.3,6.3,6.3,6.3,6.9,6.9,6.9,-10.39,-10.39,-10.39,5.6,5.6,5.6,5.5,5.5,5.5,7,7,7,7.3,7.3,7.3,8.6,8.6,8.6,8.9,8.9,8.9,6.9,6.9,6.9,,,,28.7,28.7,28.7,57.3,57.3,57.3,,,,0.3,0.3,0.3,,,,,,,2.8,2.8,2.8,9.5,9.5,9.5,1.748,1.748,1.748
Actual,No,1977 Q4,0,0,0,7.9,7.9,7.9,6.7,6.7,6.7,-14.1,-14.1,-14.1,6,6,6,6.1,6.1,6.1,7.4,7.4,7.4,7.6,7.6,7.6,8.9,8.9,8.9,8.9,8.9,8.9,7.7,7.7,7.7,,,,29.7,29.7,29.7,58.5,58.5,58.5,,,,4.9,4.9,4.9,,,,,,,7.1,7.1,7.1,8.3,8.3,8.3,1.917,1.917,1.917
Actual,No,1978 Q1,1.4,1.4,1.4,2.9,2.9,2.9,6.3,6.3,6.3,-16,-16,-16,7.1,7.1,7.1,6.4,6.4,6.4,7.8,7.8,7.8,8,8,8,9,9,9,9.1,9.1,9.1,8,8,8,,,,30.8,30.8,30.8,59.7,59.7,59.7,,,,2.6,2.6,2.6,,,,,,,3.5,3.5,3.5,6.3,6.3,6.3,1.862,1.862,1.862
Actual,No,1978 Q2,16.5,16.5,16.5,4,4,4,6,6,6,-15.49,-15.49,-15.49,9.4,9.4,9.4,6.5,6.5,6.5,8.2,8.2,8.2,8.2,8.2,8.2,9.5,9.5,9.5,9.6,9.6,9.6,8.3,8.3,8.3,,,,31.9,31.9,31.9,61.4,61.4,61.4,,,,4.6,4.6,4.6,,,,,,,5,5,5,6.9,6.9,6.9,1.861,1.861,1.861
Actual,No,1978 Q3,4,4,4,2.9,2.9,2.9,6,6,6,-13.04,-13.04,-13.04,9.6,9.6,9.6,7.3,7.3,7.3,8.4,8.4,8.4,8.4,8.4,8.4,9.3,9.3,9.3,9.8,9.8,9.8,9.1,9.1,9.1,,,,33.1,33.1,33.1,62.9,62.9,62.9,,,,1.9,1.9,1.9,,,,,,,5.5,5.5,5.5,9.3,9.3,9.3,1.975,1.975,1.975
Actual,No,1978 Q4,5.5,5.5,5.5,3.2,3.2,3.2,5.9,5.9,5.9,-11.94,-11.94,-11.94,9.6,9.6,9.6,8.6,8.6,8.6,8.9,8.9,8.9,8.7,8.7,8.7,10.1,10.1,10.1,10.1,10.1,10.1,10.8,10.8,10.8,,,,34.2,34.2,34.2,64.6,64.6,64.6,,,,4.8,4.8,4.8,,,,,,,3.7,3.7,3.7,9.8,9.8,9.8,2.042,2.042,2.042
Actual,No,1979 Q1,0.8,0.8,0.8,4.3,4.3,4.3,5.9,5.9,5.9,-6.35,-6.35,-6.35,10.5,10.5,10.5,9.4,9.4,9.4,9.2,9.2,9.2,9,9,9,10.3,10.3,10.3,10.4,10.4,10.4,11.8,11.8,11.8,,,,35.6,35.6,35.6,66.5,66.5,66.5,,,,2.1,2.1,2.1,,,,,,,-1.6,-1.6,-1.6,13.1,13.1,13.1,2.063,2.063,2.063
Actual,No,1979 Q2,0.5,0.5,0.5,-3.4,-3.4,-3.4,5.7,5.7,5.7,-5,-5,-5,13.3,13.3,13.3,9.4,9.4,9.4,9.1,9.1,9.1,9,9,9,10.3,10.3,10.3,10.8,10.8,10.8,11.7,11.7,11.7,,,,37.2,37.2,37.2,68.5,68.5,68.5,,,,6.6,6.6,6.6,,,,,,,19,19,19,10.3,10.3,10.3,2.181,2.181,2.181
Actual,No,1979 Q3,2.9,2.9,2.9,1.9,1.9,1.9,5.9,5.9,5.9,-1.67,-1.67,-1.67,13.5,13.5,13.5,9.7,9.7,9.7,9.1,9.1,9.1,9,9,9,10.3,10.3,10.3,11.2,11.2,11.2,12.1,12.1,12.1,,,,38.6,38.6,38.6,70.6,70.6,70.6,,,,2.1,2.1,2.1,,,,,,,-8.5,-8.5,-8.5,32.1,32.1,32.1,2.203,2.203,2.203
Actual,No,1979 Q4,1,1,1,1.8,1.8,1.8,6,6,6,1.69,1.69,1.69,13.3,13.3,13.3,11.8,11.8,11.8,10.6,10.6,10.6,10.4,10.4,10.4,12.6,12.6,12.6,12.5,12.5,12.5,15.1,15.1,15.1,,,,39.9,39.9,39.9,72.1,72.1,72.1,,,,3.9,3.9,3.9,,,,,,,4.3,4.3,4.3,14.4,14.4,14.4,2.219,2.219,2.219
Actual,No,1980 Q1,1.3,1.3,1.3,1.4,1.4,1.4,6.3,6.3,6.3,6.78,6.78,6.78,16.7,16.7,16.7,13.3,13.3,13.3,12,12,12,11.8,11.8,11.8,14.8,14.8,14.8,13.7,13.7,13.7,16.4,16.4,16.4,,,,40.8,40.8,40.8,73.4,73.4,73.4,,,,3.8,3.8,3.8,,,,,,,-3.9,-3.9,-3.9,20.8,20.8,20.8,2.16,2.16,2.16
Actual,No,1980 Q2,-7.9,-7.9,-7.9,-5.7,-5.7,-5.7,7.3,7.3,7.3,28.07,28.07,28.07,14.2,14.2,14.2,9.6,9.6,9.6,10.1,10.1,10.1,10.4,10.4,10.4,12.6,12.6,12.6,14.4,14.4,14.4,16.3,16.3,16.3,,,,41.5,41.5,41.5,74.9,74.9,74.9,,,,-1.9,-1.9,-1.9,,,,,,,-7.7,-7.7,-7.7,19.5,19.5,19.5,2.356,2.356,2.356
Actual,No,1980 Q3,-0.6,-0.6,-0.6,5,5,5,7.7,7.7,7.7,30.51,30.51,30.51,7.7,7.7,7.7,9.1,9.1,9.1,10.6,10.6,10.6,10.8,10.8,10.8,13.3,13.3,13.3,12.6,12.6,12.6,11.6,11.6,11.6,,,,42.6,42.6,42.6,76.4,76.4,76.4,,,,-0.2,-0.2,-0.2,,,,,,,-0.5,-0.5,-0.5,11,11,11,2.387,2.387,2.387
Actual,No,1980 Q4,7.6,7.6,7.6,8.1,8.1,8.1,7.4,7.4,7.4,23.33,23.33,23.33,11.7,11.7,11.7,13.6,13.6,13.6,12.5,12.5,12.5,12.3,12.3,12.3,14.3,14.3,14.3,14.2,14.2,14.2,16.7,16.7,16.7,,,,43.5,43.5,43.5,78.8,78.8,78.8,,,,0.2,0.2,0.2,,,,,,,-4.2,-4.2,-4.2,10,10,10,2.389,2.389,2.389
Actual,No,1981 Q1,8.5,8.5,8.5,-1.5,-1.5,-1.5,7.4,7.4,7.4,17.46,17.46,17.46,11.5,11.5,11.5,14.4,14.4,14.4,12.9,12.9,12.9,12.8,12.8,12.8,14.8,14.8,14.8,15.1,15.1,15.1,19.2,19.2,19.2,,,,44.3,44.3,44.3,82.3,82.3,82.3,,,,0.4,0.4,0.4,,,,,,,-0.7,-0.7,-0.7,10.8,10.8,10.8,2.233,2.233,2.233
Actual,No,1981 Q2,-2.9,-2.9,-2.9,-0.1,-0.1,-0.1,7.4,7.4,7.4,1.37,1.37,1.37,8.6,8.6,8.6,14.9,14.9,14.9,13.8,13.8,13.8,13.6,13.6,13.6,16.1,16.1,16.1,16.2,16.2,16.2,18.9,18.9,18.9,,,,44.9,44.9,44.9,85.1,85.1,85.1,,,,1.2,1.2,1.2,,,,,,,1,1,1,15.3,15.3,15.3,1.93,1.93,1.93
Actual,No,1981 Q3,4.7,4.7,4.7,8.4,8.4,8.4,7.4,7.4,7.4,-3.9,-3.9,-3.9,11.6,11.6,11.6,15.1,15.1,15.1,15,15,15,14.6,14.6,14.6,17.6,17.6,17.6,17.4,17.4,17.4,20.3,20.3,20.3,,,,45.3,45.3,45.3,87.6,87.6,87.6,,,,1.1,1.1,1.1,,,,,,,4.4,4.4,4.4,9.2,9.2,9.2,1.803,1.803,1.803
Actual,No,1981 Q4,-4.6,-4.6,-4.6,0.8,0.8,0.8,8.2,8.2,8.2,10.81,10.81,10.81,6.7,6.7,6.7,11.8,11.8,11.8,13.9,13.9,13.9,13.9,13.9,13.9,16.8,16.8,16.8,17.8,17.8,17.8,17,17,17,,,,45.8,45.8,45.8,90.6,90.6,90.6,,,,0.9,0.9,0.9,,,,,,,0.5,0.5,0.5,12.2,12.2,12.2,1.915,1.915,1.915
Actual,No,1982 Q1,-6.5,-6.5,-6.5,0.5,0.5,0.5,8.8,8.8,8.8,18.92,18.92,18.92,3.6,3.6,3.6,12.8,12.8,12.8,14.2,14.2,14.2,14.1,14.1,14.1,16.7,16.7,16.7,17.4,17.4,17.4,16.3,16.3,16.3,,,,46,46,46,92.6,92.6,92.6,,,,1.7,1.7,1.7,,,,,,,0.7,0.7,0.7,8,8,8,1.781,1.781,1.781
Actual,No,1982 Q2,2.2,2.2,2.2,2.3,2.3,2.3,9.4,9.4,9.4,27.03,27.03,27.03,5.9,5.9,5.9,12.4,12.4,12.4,13.9,13.9,13.9,13.7,13.7,13.7,16.6,16.6,16.6,16.8,16.8,16.8,16.5,16.5,16.5,,,,46.1,46.1,46.1,93.5,93.5,93.5,,,,0.5,0.5,0.5,,,,,,,4.6,4.6,4.6,7.8,7.8,7.8,1.736,1.736,1.736
Actual,No,1982 Q3,-1.4,-1.4,-1.4,2.1,2.1,2.1,9.9,9.9,9.9,33.78,33.78,33.78,7.1,7.1,7.1,9.3,9.3,9.3,12.9,12.9,12.9,12.9,12.9,12.9,15.6,15.6,15.6,16.2,16.2,16.2,14.7,14.7,14.7,,,,46.1,46.1,46.1,93.8,93.8,93.8,,,,-2.1,-2.1,-2.1,,,,,,,1,1,1,4.3,4.3,4.3,1.695,1.695,1.695
Actual,No,1982 Q4,0.4,0.4,0.4,1.8,1.8,1.8,10.7,10.7,10.7,30.49,30.49,30.49,1.2,1.2,1.2,7.9,7.9,7.9,10.7,10.7,10.7,10.9,10.9,10.9,13.6,13.6,13.6,14,14,14,12,12,12,,,,46.4,46.4,46.4,93.3,93.3,93.3,,,,0.2,0.2,0.2,,,,,,,2.8,2.8,2.8,4.4,4.4,4.4,1.618,1.618,1.618
Actual,No,1983 Q1,5.3,5.3,5.3,3.5,3.5,3.5,10.4,10.4,10.4,18.18,18.18,18.18,0.3,0.3,0.3,8.1,8.1,8.1,10.4,10.4,10.4,10.7,10.7,10.7,12.9,12.9,12.9,13,13,13,10.9,10.9,10.9,,,,46.9,46.9,46.9,91.7,91.7,91.7,,,,2.7,2.7,2.7,,,,,,,7.5,7.5,7.5,3.4,3.4,3.4,1.483,1.483,1.483
Actual,No,1983 Q2,9.4,9.4,9.4,2.9,2.9,2.9,10.1,10.1,10.1,7.45,7.45,7.45,4.7,4.7,4.7,8.4,8.4,8.4,10.4,10.4,10.4,10.7,10.7,10.7,12.3,12.3,12.3,12.8,12.8,12.8,10.5,10.5,10.5,,,,47.5,47.5,47.5,90.7,90.7,90.7,,,,2.6,2.6,2.6,,,,,,,3.5,3.5,3.5,3,3,3,1.533,1.533,1.533
Actual,No,1983 Q3,8.1,8.1,8.1,6.2,6.2,6.2,9.4,9.4,9.4,-5.05,-5.05,-5.05,4,4,4,9.1,9.1,9.1,11.5,11.5,11.5,11.7,11.7,11.7,13.2,13.2,13.2,13.6,13.6,13.6,10.8,10.8,10.8,,,,48.1,48.1,48.1,90.5,90.5,90.5,,,,1,1,1,,,,,,,4.5,4.5,4.5,8,8,8,1.498,1.498,1.498
Actual,No,1983 Q4,8.5,8.5,8.5,8.9,8.9,8.9,8.5,8.5,8.5,-20.56,-20.56,-20.56,4.1,4.1,4.1,8.8,8.8,8.8,11.4,11.4,11.4,11.7,11.7,11.7,13.2,13.2,13.2,13.5,13.5,13.5,11,11,11,,,,48.7,48.7,48.7,90.4,90.4,90.4,,,,4.4,4.4,4.4,,,,,,,3.5,3.5,3.5,5.6,5.6,5.6,1.452,1.452,1.452
Actual,No,1984 Q1,8.2,8.2,8.2,8.4,8.4,8.4,7.9,7.9,7.9,-24.04,-24.04,-24.04,5.8,5.8,5.8,9.2,9.2,9.2,11.7,11.7,11.7,11.9,11.9,11.9,13.3,13.3,13.3,13.3,13.3,13.3,11.1,11.1,11.1,,,,49.4,49.4,49.4,90.5,90.5,90.5,,,,3.5,3.5,3.5,,,,,,,2.8,2.8,2.8,3.7,3.7,3.7,1.438,1.438,1.438
Actual,No,1984 Q2,7.2,7.2,7.2,6.8,6.8,6.8,7.4,7.4,7.4,-26.73,-26.73,-26.73,3.8,3.8,3.8,9.8,9.8,9.8,13,13,13,13.2,13.2,13.2,14.9,14.9,14.9,14,14,14,12.3,12.3,12.3,,,,50,50,50,91.4,91.4,91.4,,,,-1.9,-1.9,-1.9,,,,,,,-3.4,-3.4,-3.4,3.4,3.4,3.4,1.358,1.358,1.358
Actual,No,1984 Q3,4,4,4,5.6,5.6,5.6,7.4,7.4,7.4,-21.28,-21.28,-21.28,3.5,3.5,3.5,10.3,10.3,10.3,12.8,12.8,12.8,12.9,12.9,12.9,14.3,14.3,14.3,14.5,14.5,14.5,13,13,13,,,,50.6,50.6,50.6,92,92,92,,,,4.2,4.2,4.2,,,,,,,2.6,2.6,2.6,6.1,6.1,6.1,1.234,1.234,1.234
Actual,No,1984 Q4,3.2,3.2,3.2,3.3,3.3,3.3,7.3,7.3,7.3,-14.12,-14.12,-14.12,3.5,3.5,3.5,8.8,8.8,8.8,11.5,11.5,11.5,11.8,11.8,11.8,13.1,13.1,13.1,13.6,13.6,13.6,11.8,11.8,11.8,,,,51,51,51,92.5,92.5,92.5,,,,2.1,2.1,2.1,,,,,,,8.2,8.2,8.2,6.1,6.1,6.1,1.158,1.158,1.158
Actual,No,1985 Q1,4,4,4,-1,-1,-1,7.2,7.2,7.2,-8.86,-8.86,-8.86,3.7,3.7,3.7,8.2,8.2,8.2,11.3,11.3,11.3,11.6,11.6,11.6,13,13,13,13.1,13.1,13.1,10.5,10.5,10.5,,,,51.7,51.7,51.7,93.2,93.2,93.2,,,,0.9,0.9,0.9,,,,,,,3.4,3.4,3.4,6.3,6.3,6.3,1.236,1.236,1.236
Actual,No,1985 Q2,3.7,3.7,3.7,7.9,7.9,7.9,7.3,7.3,7.3,-1.35,-1.35,-1.35,3.7,3.7,3.7,7.5,7.5,7.5,10.5,10.5,10.5,10.9,10.9,10.9,12.3,12.3,12.3,12.8,12.8,12.8,10.2,10.2,10.2,,,,52.6,52.6,52.6,93.4,93.4,93.4,,,,3.9,3.9,3.9,,,,,,,8.8,8.8,8.8,9.6,9.6,9.6,1.31,1.31,1.31
Actual,No,1985 Q3,6.4,6.4,6.4,-1.3,-1.3,-1.3,7.2,7.2,7.2,-2.7,-2.7,-2.7,2.5,2.5,2.5,7.1,7.1,7.1,10,10,10,10.5,10.5,10.5,11.8,11.8,11.8,12.1,12.1,12.1,9.5,9.5,9.5,,,,53.3,53.3,53.3,93.9,93.9,93.9,,,,3.4,3.4,3.4,,,,,,,0.4,0.4,0.4,3.6,3.6,3.6,1.409,1.409,1.409
Actual,No,1985 Q4,3,3,3,4.7,4.7,4.7,7,7,7,-4.11,-4.11,-4.11,4.1,4.1,4.1,7.2,7.2,7.2,9.4,9.4,9.4,10,10,10,11.2,11.2,11.2,11.7,11.7,11.7,9.5,9.5,9.5,,,,54.3,54.3,54.3,92.3,92.3,92.3,,,,2.4,2.4,2.4,,,,,,,1,1,1,2.5,2.5,2.5,1.445,1.445,1.445
Actual,No,1986 Q1,3.8,3.8,3.8,5.1,5.1,5.1,7,7,7,-2.78,-2.78,-2.78,2.1,2.1,2.1,6.9,6.9,6.9,8.4,8.4,8.4,8.8,8.8,8.8,10.4,10.4,10.4,10.6,10.6,10.6,9.4,9.4,9.4,,,,55.3,55.3,55.3,94.1,94.1,94.1,,,,-1.4,-1.4,-1.4,,,,,,,4.6,4.6,4.6,4,4,4,1.474,1.474,1.474
Actual,No,1986 Q2,1.8,1.8,1.8,5.4,5.4,5.4,7.2,7.2,7.2,-1.37,-1.37,-1.37,-1.9,-1.9,-1.9,6.1,6.1,6.1,7.7,7.7,7.7,7.9,7.9,7.9,10.1,10.1,10.1,10.2,10.2,10.2,8.6,8.6,8.6,,,,56.4,56.4,56.4,95.9,95.9,95.9,,,,7.5,7.5,7.5,,,,,,,3,3,3,1,1,1,1.532,1.532,1.532
Actual,No,1986 Q3,4.1,4.1,4.1,2.9,2.9,2.9,7,7,7,-2.78,-2.78,-2.78,2.5,2.5,2.5,5.5,5.5,5.5,7.3,7.3,7.3,7.7,7.7,7.7,9.8,9.8,9.8,10.2,10.2,10.2,7.9,7.9,7.9,,,,57.7,57.7,57.7,97.3,97.3,97.3,,,,2,2,2,,,,,,,1.8,1.8,1.8,3.2,3.2,3.2,1.447,1.447,1.447
Actual,No,1986 Q4,2.1,2.1,2.1,0.7,0.7,0.7,6.8,6.8,6.8,-2.86,-2.86,-2.86,2.8,2.8,2.8,5.4,5.4,5.4,7,7,7,7.6,7.6,7.6,9.6,9.6,9.6,9.7,9.7,9.7,7.5,7.5,7.5,,,,59,59,59,98.7,98.7,98.7,,,,1,1,1,,,,,,,7.2,7.2,7.2,5.7,5.7,5.7,1.483,1.483,1.483
Actual,No,1987 Q1,2.8,2.8,2.8,3.9,3.9,3.9,6.6,6.6,6.6,-5.71,-5.71,-5.71,4.9,4.9,4.9,5.5,5.5,5.5,6.9,6.9,6.9,7.4,7.4,7.4,9.1,9.1,9.1,9.1,9.1,9.1,7.5,7.5,7.5,2929.7,2929.7,2929.7,60.5,60.5,60.5,100.6,100.6,100.6,,,,-1.9,-1.9,-1.9,,,,,,,3.6,3.6,3.6,6.1,6.1,6.1,1.607,1.607,1.607
Actual,No,1987 Q2,4.6,4.6,4.6,-3.8,-3.8,-3.8,6.3,6.3,6.3,-12.5,-12.5,-12.5,4.6,4.6,4.6,5.7,5.7,5.7,8.1,8.1,8.1,8.5,8.5,8.5,9.9,9.9,9.9,10.3,10.3,10.3,8,8,8,3004.9,3004.9,3004.9,61.9,61.9,61.9,102.6,102.6,102.6,,,,6.9,6.9,6.9,,,,,,,5.9,5.9,5.9,1.9,1.9,1.9,1.613,1.613,1.613
Actual,No,1987 Q3,3.7,3.7,3.7,7.5,7.5,7.5,6,6,6,-14.29,-14.29,-14.29,4.3,4.3,4.3,6,6,6,8.5,8.5,8.5,9,9,9,10.5,10.5,10.5,10.5,10.5,10.5,8.4,8.4,8.4,3171,3171,3171,63.2,63.2,63.2,103.2,103.2,103.2,,,,4.4,4.4,4.4,,,,,,,10,10,10,3.8,3.8,3.8,1.625,1.625,1.625
Actual,No,1987 Q4,6.8,6.8,6.8,5.5,5.5,5.5,5.8,5.8,5.8,-14.71,-14.71,-14.71,3.8,3.8,3.8,5.9,5.9,5.9,8.8,8.8,8.8,9.2,9.2,9.2,10.5,10.5,10.5,10.9,10.9,10.9,8.9,8.9,8.9,2417.1,2417.1,2417.1,64.5,64.5,64.5,103.8,103.8,103.8,,,,5.2,5.2,5.2,,,,,,,4.6,4.6,4.6,4.7,4.7,4.7,1.886,1.886,1.886
Actual,No,1988 Q1,2.3,2.3,2.3,6,6,6,5.7,5.7,5.7,-13.64,-13.64,-13.64,3.2,3.2,3.2,5.7,5.7,5.7,8,8,8,8.6,8.6,8.6,9.8,9.8,9.8,10.1,10.1,10.1,8.6,8.6,8.6,2584,2584,2584,65.6,65.6,65.6,104.9,104.9,104.9,,,,2.2,2.2,2.2,,,,,,,7.4,7.4,7.4,2.6,2.6,2.6,1.887,1.887,1.887
Actual,No,1988 Q2,5.4,5.4,5.4,4.2,4.2,4.2,5.5,5.5,5.5,-12.7,-12.7,-12.7,4.7,4.7,4.7,6.2,6.2,6.2,8.5,8.5,8.5,9,9,9,10.3,10.3,10.3,10.4,10.4,10.4,8.8,8.8,8.8,2729.7,2729.7,2729.7,67.2,67.2,67.2,106.1,106.1,106.1,,,,3.7,3.7,3.7,,,,,,,2.4,2.4,2.4,2.7,2.7,2.7,1.709,1.709,1.709
Actual,No,1988 Q3,2.3,2.3,2.3,3.9,3.9,3.9,5.5,5.5,5.5,-8.33,-8.33,-8.33,5,5,5,7,7,7,8.8,8.8,8.8,9.2,9.2,9.2,10.3,10.3,10.3,10.5,10.5,10.5,9.7,9.7,9.7,2706.7,2706.7,2706.7,69.1,69.1,69.1,106.4,106.4,106.4,,,,5,5,5,,,,,,,6.3,6.3,6.3,5.8,5.8,5.8,1.691,1.691,1.691
Actual,No,1988 Q4,5.4,5.4,5.4,3.9,3.9,3.9,5.3,5.3,5.3,-8.62,-8.62,-8.62,4.4,4.4,4.4,7.7,7.7,7.7,8.8,8.8,8.8,9,9,9,10.1,10.1,10.1,10.4,10.4,10.4,10.2,10.2,10.2,2738.4,2738.4,2738.4,70.8,70.8,70.8,106.6,106.6,106.6,,,,3.8,3.8,3.8,,,,,,,3.5,3.5,3.5,4.8,4.8,4.8,1.809,1.809,1.809
Actual,No,1989 Q1,4.1,4.1,4.1,5,5,5,5.2,5.2,5.2,-8.77,-8.77,-8.77,4.6,4.6,4.6,8.5,8.5,8.5,9.4,9.4,9.4,9.3,9.3,9.3,10.4,10.4,10.4,10.8,10.8,10.8,11,11,11,2915.1,2915.1,2915.1,72.3,72.3,72.3,107.6,107.6,107.6,,,,4.8,4.8,4.8,,,,,,,1.8,1.8,1.8,6.3,6.3,6.3,1.685,1.685,1.685
Actual,No,1989 Q2,3.2,3.2,3.2,-1.2,-1.2,-1.2,5.2,5.2,5.2,-5.45,-5.45,-5.45,6.6,6.6,6.6,8.4,8.4,8.4,8.9,8.9,8.9,8.9,8.9,8.9,10,10,10,10.6,10.6,10.6,11.4,11.4,11.4,3137,3137,3137,73.3,73.3,73.3,108.6,108.6,108.6,,,,3.9,3.9,3.9,,,,,,,2.6,2.6,2.6,3.9,3.9,3.9,1.549,1.549,1.549
Actual,No,1989 Q3,3,3,3,2.8,2.8,2.8,5.2,5.2,5.2,-5.45,-5.45,-5.45,3.2,3.2,3.2,7.8,7.8,7.8,8.1,8.1,8.1,8.2,8.2,8.2,9.6,9.6,9.6,10,10,10,10.7,10.7,10.7,3426.7,3426.7,3426.7,74.3,74.3,74.3,109,109,109,,,,2.4,2.4,2.4,,,,,,,0.4,0.4,0.4,5.4,5.4,5.4,1.615,1.615,1.615
Actual,No,1989 Q4,0.8,0.8,0.8,3.3,3.3,3.3,5.4,5.4,5.4,1.89,1.89,1.89,4.1,4.1,4.1,7.7,7.7,7.7,8,8,8,8,8,8,9.5,9.5,9.5,9.8,9.8,9.8,10.5,10.5,10.5,3419.9,3419.9,3419.9,75.3,75.3,75.3,109.4,109.4,109.4,,,,4.2,4.2,4.2,,,,,,,0.4,0.4,0.4,6.7,6.7,6.7,1.615,1.615,1.615
Actual,No,1990 Q1,4.5,4.5,4.5,3.4,3.4,3.4,5.3,5.3,5.3,1.92,1.92,1.92,7.1,7.1,7.1,7.8,7.8,7.8,8.5,8.5,8.5,8.5,8.5,8.5,10.1,10.1,10.1,10.1,10.1,10.1,10,10,10,3273.5,3273.5,3273.5,76.1,76.1,76.1,108.4,108.4,108.4,27.3,27.3,27.3,5.5,5.5,5.5,,,,,,,2.7,2.7,2.7,7.7,7.7,7.7,1.648,1.648,1.648
Actual,No,1990 Q2,1.6,1.6,1.6,2.4,2.4,2.4,5.3,5.3,5.3,1.92,1.92,1.92,4,4,4,7.7,7.7,7.7,8.7,8.7,8.7,8.8,8.8,8.8,10.2,10.2,10.2,10.3,10.3,10.3,10,10,10,3424.4,3424.4,3424.4,76.2,76.2,76.2,107.5,107.5,107.5,24.2,24.2,24.2,1.8,1.8,1.8,3.1,3.1,3.1,,,,2.1,2.1,2.1,7.4,7.4,7.4,1.745,1.745,1.745
Actual,No,1990 Q3,0.1,0.1,0.1,0.1,0.1,0.1,5.7,5.7,5.7,9.62,9.62,9.62,7.1,7.1,7.1,7.5,7.5,7.5,8.5,8.5,8.5,8.8,8.8,8.8,10.2,10.2,10.2,10.1,10.1,10.1,10,10,10,2879.3,2879.3,2879.3,75.9,75.9,75.9,107,107,107,36.5,36.5,36.5,3.8,3.8,3.8,3.7,3.7,3.7,,,,-4.1,-4.1,-4.1,8.5,8.5,8.5,1.874,1.874,1.874
Actual,No,1990 Q4,-3.4,-3.4,-3.4,-3.1,-3.1,-3.1,6.1,6.1,6.1,12.96,12.96,12.96,7,7,7,7,7,7,8.1,8.1,8.1,8.5,8.5,8.5,10.3,10.3,10.3,10,10,10,10,10,10,3101.4,3101.4,3101.4,75.5,75.5,75.5,106.6,106.6,106.6,34,34,34,2.3,2.3,2.3,5.7,5.7,5.7,,,,-1.3,-1.3,-1.3,7.7,7.7,7.7,1.929,1.929,1.929
Actual,No,1991 Q1,-1.9,-1.9,-1.9,0.8,0.8,0.8,6.6,6.6,6.6,24.53,24.53,24.53,3,3,3,6,6,6,7.7,7.7,7.7,8.2,8.2,8.2,9.9,9.9,9.9,9.5,9.5,9.5,9.2,9.2,9.2,3583.7,3583.7,3583.7,75.1,75.1,75.1,105.6,105.6,105.6,36.2,36.2,36.2,2.8,2.8,2.8,3.5,3.5,3.5,,,,-1.1,-1.1,-1.1,4.3,4.3,4.3,1.749,1.749,1.749
Actual,No,1991 Q2,3.1,3.1,3.1,2.8,2.8,2.8,6.8,6.8,6.8,28.3,28.3,28.3,2.4,2.4,2.4,5.6,5.6,5.6,7.8,7.8,7.8,8.3,8.3,8.3,9.7,9.7,9.7,9.5,9.5,9.5,8.7,8.7,8.7,3545.5,3545.5,3545.5,75.4,75.4,75.4,104.6,104.6,104.6,20.1,20.1,20.1,1.2,1.2,1.2,3.5,3.5,3.5,,,,-0.5,-0.5,-0.5,13.2,13.2,13.2,1.618,1.618,1.618
Actual,No,1991 Q3,1.9,1.9,1.9,1.5,1.5,1.5,6.9,6.9,6.9,21.05,21.05,21.05,3.1,3.1,3.1,5.4,5.4,5.4,7.5,7.5,7.5,8.1,8.1,8.1,9.3,9.3,9.3,9.3,9.3,9.3,8.4,8.4,8.4,3744,3744,3744,75.3,75.3,75.3,101,101,101,21.2,21.2,21.2,-0.1,-0.1,-0.1,5.3,5.3,5.3,,,,-0.9,-0.9,-0.9,5.5,5.5,5.5,1.752,1.752,1.752
Actual,No,1991 Q4,1.8,1.8,1.8,3.5,3.5,3.5,7.1,7.1,7.1,16.39,16.39,16.39,3.4,3.4,3.4,4.5,4.5,4.5,6.7,6.7,6.7,7.5,7.5,7.5,8.8,8.8,8.8,8.7,8.7,8.7,7.6,7.6,7.6,4041.1,4041.1,4041.1,75.1,75.1,75.1,97.6,97.6,97.6,21.9,21.9,21.9,3.9,3.9,3.9,4,4,4,,,,0.6,0.6,0.6,5.4,5.4,5.4,1.866,1.866,1.866
Actual,No,1992 Q1,4.8,4.8,4.8,8.9,8.9,8.9,7.4,7.4,7.4,12.12,12.12,12.12,2.7,2.7,2.7,3.9,3.9,3.9,6.7,6.7,6.7,7.5,7.5,7.5,8.7,8.7,8.7,8.7,8.7,8.7,6.5,6.5,6.5,3961.6,3961.6,3961.6,75.2,75.2,75.2,95.4,95.4,95.4,19.8,19.8,19.8,6.2,6.2,6.2,3.2,3.2,3.2,,,,0,0,0,3.9,3.9,3.9,1.736,1.736,1.736
Actual,No,1992 Q2,4.5,4.5,4.5,4.2,4.2,4.2,7.6,7.6,7.6,11.76,11.76,11.76,3.1,3.1,3.1,3.7,3.7,3.7,6.7,6.7,6.7,7.5,7.5,7.5,8.6,8.6,8.6,8.7,8.7,8.7,6.5,6.5,6.5,3930.3,3930.3,3930.3,75.1,75.1,75.1,93.2,93.2,93.2,20.2,20.2,20.2,-3,-3,-3,3.7,3.7,3.7,,,,-0.5,-0.5,-0.5,2.3,2.3,2.3,1.904,1.904,1.904
Actual,No,1992 Q3,3.9,3.9,3.9,1.8,1.8,1.8,7.6,7.6,7.6,10.14,10.14,10.14,3.1,3.1,3.1,3.1,3.1,3.1,5.7,5.7,5.7,6.9,6.9,6.9,7.9,7.9,7.9,8,8,8,6,6,6,4024.4,4024.4,4024.4,75,75,75,90.7,90.7,90.7,16.2,16.2,16.2,-1.1,-1.1,-1.1,2.6,2.6,2.6,,,,2.6,2.6,2.6,1.7,1.7,1.7,1.779,1.779,1.779
Actual,No,1992 Q4,4.1,4.1,4.1,1.4,1.4,1.4,7.4,7.4,7.4,4.23,4.23,4.23,3.6,3.6,3.6,3.1,3.1,3.1,6,6,6,7,7,7,8.2,8.2,8.2,8.2,8.2,8.2,6,6,6,4289.7,4289.7,4289.7,75.2,75.2,75.2,88.3,88.3,88.3,21,21,21,-0.8,-0.8,-0.8,3,3,3,,,,2.8,2.8,2.8,3.1,3.1,3.1,1.513,1.513,1.513
Actual,No,1993 Q1,0.7,0.7,0.7,2.3,2.3,2.3,7.1,7.1,7.1,-4.05,-4.05,-4.05,2.9,2.9,2.9,3,3,3,5.5,5.5,5.5,6.5,6.5,6.5,7.6,7.6,7.6,7.8,7.8,7.8,6,6,6,4444.3,4444.3,4444.3,75.4,75.4,75.4,87.4,87.4,87.4,16.2,16.2,16.2,-2.7,-2.7,-2.7,4,4,4,,,,3,3,3,2.2,2.2,2.2,1.509,1.509,1.509
Actual,No,1993 Q2,2.4,2.4,2.4,0.7,0.7,0.7,7.1,7.1,7.1,-6.58,-6.58,-6.58,2.9,2.9,2.9,3,3,3,5.2,5.2,5.2,6.2,6.2,6.2,7.3,7.3,7.3,7.5,7.5,7.5,6,6,6,4449.6,4449.6,4449.6,75.8,75.8,75.8,86.5,86.5,86.5,15.3,15.3,15.3,0.3,0.3,0.3,3,3,3,,,,2,2,2,3,3,3,1.493,1.493,1.493
Actual,No,1993 Q3,2,2,2,0.2,0.2,0.2,6.8,6.8,6.8,-10.53,-10.53,-10.53,1.9,1.9,1.9,3,3,3,5,5,5,5.8,5.8,5.8,6.8,6.8,6.8,7.1,7.1,7.1,6,6,6,4601.8,4601.8,4601.8,76.4,76.4,76.4,86.4,86.4,86.4,17.3,17.3,17.3,1.7,1.7,1.7,3.1,3.1,3.1,,,,3.3,3.3,3.3,3.3,3.3,3.3,1.496,1.496,1.496
Actual,No,1993 Q4,5.4,5.4,5.4,2.6,2.6,2.6,6.6,6.6,6.6,-10.81,-10.81,-10.81,3.4,3.4,3.4,3.1,3.1,3.1,5,5,5,5.8,5.8,5.8,6.8,6.8,6.8,7,7,7,6,6,6,4657.8,4657.8,4657.8,77,77,77,86.4,86.4,86.4,15.9,15.9,15.9,1.1,1.1,1.1,2.8,2.8,2.8,,,,2.8,2.8,2.8,1.2,1.2,1.2,1.478,1.478,1.478
Actual,No,1994 Q1,4,4,4,2.8,2.8,2.8,6.6,6.6,6.6,-7.04,-7.04,-7.04,2,2,2,3.3,3.3,3.3,5.5,5.5,5.5,6.2,6.2,6.2,7.2,7.2,7.2,7.3,7.3,7.3,6,6,6,4457.7,4457.7,4457.7,77.3,77.3,77.3,87.4,87.4,87.4,20.5,20.5,20.5,3.8,3.8,3.8,2.8,2.8,2.8,,,,4.9,4.9,4.9,1.7,1.7,1.7,1.488,1.488,1.488
Actual,No,1994 Q2,5.6,5.6,5.6,4.3,4.3,4.3,6.2,6.2,6.2,-12.68,-12.68,-12.68,2.3,2.3,2.3,4,4,4,6.7,6.7,6.7,7.2,7.2,7.2,8.2,8.2,8.2,8.4,8.4,8.4,6.9,6.9,6.9,4395.2,4395.2,4395.2,77.8,77.8,77.8,88.4,88.4,88.4,23.9,23.9,23.9,2.5,2.5,2.5,2.4,2.4,2.4,,,,4.7,4.7,4.7,2,2,2,1.548,1.548,1.548
Actual,No,1994 Q3,2.4,2.4,2.4,2.4,2.4,2.4,6,6,6,-11.76,-11.76,-11.76,3.8,3.8,3.8,4.5,4.5,4.5,6.9,6.9,6.9,7.4,7.4,7.4,8.2,8.2,8.2,8.6,8.6,8.6,7.5,7.5,7.5,4605.8,4605.8,4605.8,78.1,78.1,78.1,89.3,89.3,89.3,14.9,14.9,14.9,2.7,2.7,2.7,2.7,2.7,2.7,,,,4.6,4.6,4.6,2,2,2,1.577,1.577,1.577
Actual,No,1994 Q4,4.6,4.6,4.6,5.7,5.7,5.7,5.6,5.6,5.6,-15.15,-15.15,-15.15,2.3,2.3,2.3,5.3,5.3,5.3,7.6,7.6,7.6,7.9,7.9,7.9,8.9,8.9,8.9,9.1,9.1,9.1,8.1,8.1,8.1,4540.6,4540.6,4540.6,78.5,78.5,78.5,90.4,90.4,90.4,18.4,18.4,18.4,3.2,3.2,3.2,2.4,2.4,2.4,,,,2.3,2.3,2.3,1.3,1.3,1.3,1.567,1.567,1.567
Actual,No,1995 Q1,1.4,1.4,1.4,3.9,3.9,3.9,5.5,5.5,5.5,-16.67,-16.67,-16.67,3,3,3,5.7,5.7,5.7,7.4,7.4,7.4,7.6,7.6,7.6,8.4,8.4,8.4,8.8,8.8,8.8,8.8,8.8,8.8,4920.4,4920.4,4920.4,78.8,78.8,78.8,90.6,90.6,90.6,14.3,14.3,14.3,2.2,2.2,2.2,2.4,2.4,2.4,,,,1.3,1.3,1.3,4.5,4.5,4.5,1.619,1.619,1.619
Actual,No,1995 Q2,1.4,1.4,1.4,0.9,0.9,0.9,5.7,5.7,5.7,-8.06,-8.06,-8.06,3.3,3.3,3.3,5.6,5.6,5.6,6.4,6.4,6.4,6.7,6.7,6.7,7.6,7.6,7.6,7.9,7.9,7.9,9,9,9,5348.8,5348.8,5348.8,79.3,79.3,79.3,90.5,90.5,90.5,13.5,13.5,13.5,2.4,2.4,2.4,2.7,2.7,2.7,,,,1.5,1.5,1.5,2.4,2.4,2.4,1.591,1.591,1.591
Actual,No,1995 Q3,3.5,3.5,3.5,3.6,3.6,3.6,5.7,5.7,5.7,-5,-5,-5,2,2,2,5.4,5.4,5.4,6.1,6.1,6.1,6.5,6.5,6.5,7.3,7.3,7.3,7.7,7.7,7.7,8.8,8.8,8.8,5806.6,5806.6,5806.6,79.9,79.9,79.9,91.2,91.2,91.2,13.8,13.8,13.8,1.1,1.1,1.1,2.1,2.1,2.1,,,,4,4,4,2.6,2.6,2.6,1.58,1.58,1.58
Actual,No,1995 Q4,2.9,2.9,2.9,2.3,2.3,2.3,5.6,5.6,5.6,0,0,0,2.2,2.2,2.2,5.3,5.3,5.3,5.7,5.7,5.7,6,6,6,6.8,6.8,6.8,7.3,7.3,7.3,8.7,8.7,8.7,6057.2,6057.2,6057.2,80.3,80.3,80.3,92.1,92.1,92.1,15.7,15.7,15.7,1.2,1.2,1.2,2.3,2.3,2.3,,,,1.2,1.2,1.2,2.3,2.3,2.3,1.554,1.554,1.554
Actual,No,1996 Q1,2.6,2.6,2.6,3.9,3.9,3.9,5.5,5.5,5.5,0,0,0,3.6,3.6,3.6,4.9,4.9,4.9,5.6,5.6,5.6,6,6,6,7,7,7,7.3,7.3,7.3,8.3,8.3,8.3,6365.9,6365.9,6365.9,81,81,81,92.5,92.5,92.5,20.7,20.7,20.7,0.6,0.6,0.6,2.4,2.4,2.4,,,,3.7,3.7,3.7,3.3,3.3,3.3,1.526,1.526,1.526
Actual,No,1996 Q2,7.2,7.2,7.2,3.9,3.9,3.9,5.5,5.5,5.5,-3.51,-3.51,-3.51,3.5,3.5,3.5,5,5,5,6.5,6.5,6.5,6.8,6.8,6.8,7.6,7.6,7.6,8.1,8.1,8.1,8.3,8.3,8.3,6612.8,6612.8,6612.8,81.6,81.6,81.6,92.3,92.3,92.3,20.2,20.2,20.2,2.7,2.7,2.7,2.3,2.3,2.3,,,,1.3,1.3,1.3,1.8,1.8,1.8,1.553,1.553,1.553
Actual,No,1996 Q3,3.8,3.8,3.8,3.2,3.2,3.2,5.3,5.3,5.3,-7.02,-7.02,-7.02,2.3,2.3,2.3,5.1,5.1,5.1,6.5,6.5,6.5,6.8,6.8,6.8,7.6,7.6,7.6,8.1,8.1,8.1,8.3,8.3,8.3,6765.7,6765.7,6765.7,82,82,82,90.8,90.8,90.8,21.6,21.6,21.6,2.6,2.6,2.6,1,1,1,,,,2.7,2.7,2.7,2,2,2,1.565,1.565,1.565
Actual,No,1996 Q4,4.3,4.3,4.3,2.1,2.1,2.1,5.3,5.3,5.3,-5.36,-5.36,-5.36,3.5,3.5,3.5,5,5,5,6.1,6.1,6.1,6.4,6.4,6.4,7.1,7.1,7.1,7.7,7.7,7.7,8.3,8.3,8.3,7198.3,7198.3,7198.3,82.5,82.5,82.5,92.1,92.1,92.1,22,22,22,1.8,1.8,1.8,1.8,1.8,1.8,,,,3.8,3.8,3.8,2.3,2.3,2.3,1.712,1.712,1.712
Actual,No,1997 Q1,3.1,3.1,3.1,4.1,4.1,4.1,5.2,5.2,5.2,-5.45,-5.45,-5.45,2.5,2.5,2.5,5.1,5.1,5.1,6.4,6.4,6.4,6.6,6.6,6.6,7.4,7.4,7.4,7.8,7.8,7.8,8.3,8.3,8.3,7213.5,7213.5,7213.5,83.2,83.2,83.2,103.4,103.4,103.4,22.1,22.1,22.1,0.8,0.8,0.8,2.2,2.2,2.2,,,,5.9,5.9,5.9,1.5,1.5,1.5,1.645,1.645,1.645
Actual,No,1997 Q2,6.2,6.2,6.2,3.5,3.5,3.5,5,5,5,-9.09,-9.09,-9.09,0.9,0.9,0.9,5,5,5,6.6,6.6,6.6,6.8,6.8,6.8,7.5,7.5,7.5,7.9,7.9,7.9,8.5,8.5,8.5,8396.9,8396.9,8396.9,84,84,84,101.5,101.5,101.5,21.8,21.8,21.8,5.4,5.4,5.4,0.4,0.4,0.4,,,,4.4,4.4,4.4,0.8,0.8,0.8,1.665,1.665,1.665
Actual,No,1997 Q3,5.2,5.2,5.2,4.9,4.9,4.9,4.9,4.9,4.9,-7.55,-7.55,-7.55,2,2,2,5,5,5,6.1,6.1,6.1,6.4,6.4,6.4,7.1,7.1,7.1,7.5,7.5,7.5,8.5,8.5,8.5,9180.2,9180.2,9180.2,85.1,85.1,85.1,105.3,105.3,105.3,26,26,26,3,3,3,2,2,2,,,,2.4,2.4,2.4,3.2,3.2,3.2,1.612,1.612,1.612
Actual,No,1997 Q4,3.1,3.1,3.1,5.9,5.9,5.9,4.7,4.7,4.7,-11.32,-11.32,-11.32,2.2,2.2,2.2,5.1,5.1,5.1,5.9,5.9,5.9,6,6,6,6.8,6.8,6.8,7.2,7.2,7.2,8.5,8.5,8.5,9298.2,9298.2,9298.2,86.4,86.4,86.4,113.3,113.3,113.3,38.2,38.2,38.2,4.4,4.4,4.4,1.6,1.6,1.6,,,,5,5,5,1.7,1.7,1.7,1.643,1.643,1.643
Actual,No,1998 Q1,4,4,4,8.8,8.8,8.8,4.6,4.6,4.6,-11.54,-11.54,-11.54,0.8,0.8,0.8,5.1,5.1,5.1,5.6,5.6,5.6,5.7,5.7,5.7,6.7,6.7,6.7,7.1,7.1,7.1,8.5,8.5,8.5,10494.7,10494.7,10494.7,87.9,87.9,87.9,121.7,121.7,121.7,28.7,28.7,28.7,2.5,2.5,2.5,0.7,0.7,0.7,,,,2.2,2.2,2.2,0.8,0.8,0.8,1.677,1.677,1.677
Actual,No,1998 Q2,3.9,3.9,3.9,5.7,5.7,5.7,4.4,4.4,4.4,-12,-12,-12,1.3,1.3,1.3,5,5,5,5.6,5.6,5.6,5.8,5.8,5.8,6.7,6.7,6.7,7.1,7.1,7.1,8.5,8.5,8.5,10663.6,10663.6,10663.6,89.2,89.2,89.2,119.8,119.8,119.8,26.1,26.1,26.1,1.5,1.5,1.5,1.1,1.1,1.1,,,,2.4,2.4,2.4,1.9,1.9,1.9,1.67,1.67,1.67
Actual,No,1998 Q3,5.3,5.3,5.3,4.1,4.1,4.1,4.5,4.5,4.5,-8.16,-8.16,-8.16,2.1,2.1,2.1,4.8,4.8,4.8,5.2,5.2,5.2,5.4,5.4,5.4,6.6,6.6,6.6,6.9,6.9,6.9,8.5,8.5,8.5,9346.8,9346.8,9346.8,90.8,90.8,90.8,123.5,123.5,123.5,45.3,45.3,45.3,2.3,2.3,2.3,1.2,1.2,1.2,,,,3,3,3,1.2,1.2,1.2,1.7,1.7,1.7
Actual,No,1998 Q4,6.7,6.7,6.7,3.3,3.3,3.3,4.4,4.4,4.4,-6.38,-6.38,-6.38,1.9,1.9,1.9,4.3,4.3,4.3,4.6,4.6,4.6,4.9,4.9,4.9,6.6,6.6,6.6,6.8,6.8,6.8,7.9,7.9,7.9,11317.6,11317.6,11317.6,92.5,92.5,92.5,125.9,125.9,125.9,45.7,45.7,45.7,1,1,1,0.4,0.4,0.4,,,,4.2,4.2,4.2,1.7,1.7,1.7,1.663,1.663,1.663
Actual,No,1999 Q1,3.2,3.2,3.2,3.6,3.6,3.6,4.3,4.3,4.3,-6.52,-6.52,-6.52,1.5,1.5,1.5,4.4,4.4,4.4,5,5,5,5.4,5.4,5.4,6.8,6.8,6.8,6.9,6.9,6.9,7.8,7.8,7.8,11707.7,11707.7,11707.7,93.9,93.9,93.9,126.8,126.8,126.8,33,33,33,3.6,3.6,3.6,0.8,0.8,0.8,1.081,1.081,1.081,2.4,2.4,2.4,1.6,1.6,1.6,1.614,1.614,1.614
Actual,No,1999 Q2,3.3,3.3,3.3,1,1,1,4.3,4.3,4.3,-2.27,-2.27,-2.27,3,3,3,4.5,4.5,4.5,5.5,5.5,5.5,5.8,5.8,5.8,7.2,7.2,7.2,7.2,7.2,7.2,7.8,7.8,7.8,12583.6,12583.6,12583.6,95.8,95.8,95.8,122.7,122.7,122.7,28.9,28.9,28.9,2.7,2.7,2.7,1.4,1.4,1.4,1.031,1.031,1.031,0.3,0.3,0.3,1.2,1.2,1.2,1.577,1.577,1.577
Actual,No,1999 Q3,5.1,5.1,5.1,2.7,2.7,2.7,4.2,4.2,4.2,-6.67,-6.67,-6.67,3,3,3,4.7,4.7,4.7,5.9,5.9,5.9,6.2,6.2,6.2,7.7,7.7,7.7,7.8,7.8,7.8,8.1,8.1,8.1,11713.8,11713.8,11713.8,97.7,97.7,97.7,126.5,126.5,126.5,28.5,28.5,28.5,4.5,4.5,4.5,1.9,1.9,1.9,1.064,1.064,1.064,7.2,7.2,7.2,0.4,0.4,0.4,1.646,1.646,1.646
Actual,No,1999 Q4,7.1,7.1,7.1,6,6,6,4.1,4.1,4.1,-6.82,-6.82,-6.82,3,3,3,5,5,5,6.1,6.1,6.1,6.5,6.5,6.5,7.9,7.9,7.9,7.8,7.8,7.8,8.4,8.4,8.4,13812.7,13812.7,13812.7,99.8,99.8,99.8,129.6,129.6,129.6,28.8,28.8,28.8,5.2,5.2,5.2,1.9,1.9,1.9,1.007,1.007,1.007,5.8,5.8,5.8,1.3,1.3,1.3,1.615,1.615,1.615
Actual,No,2000 Q1,1.2,1.2,1.2,8.1,8.1,8.1,4,4,4,-6.98,-6.98,-6.98,4,4,4,5.5,5.5,5.5,6.6,6.6,6.6,6.7,6.7,6.7,8.2,8.2,8.2,8.3,8.3,8.3,8.7,8.7,8.7,14296.2,14296.2,14296.2,102.3,102.3,102.3,126.6,126.6,126.6,27,27,27,4.6,4.6,4.6,2.6,2.6,2.6,0.957,0.957,0.957,3.8,3.8,3.8,0.3,0.3,0.3,1.592,1.592,1.592
Actual,No,2000 Q2,7.8,7.8,7.8,4.2,4.2,4.2,3.9,3.9,3.9,-9.3,-9.3,-9.3,3.2,3.2,3.2,5.7,5.7,5.7,6.5,6.5,6.5,6.4,6.4,6.4,8.5,8.5,8.5,8.3,8.3,8.3,9.2,9.2,9.2,13618.5,13618.5,13618.5,104.9,104.9,104.9,125.4,125.4,125.4,33.5,33.5,33.5,3.6,3.6,3.6,0.9,0.9,0.9,0.955,0.955,0.955,2.9,2.9,2.9,0.5,0.5,0.5,1.513,1.513,1.513
Actual,No,2000 Q3,0.5,0.5,0.5,4.8,4.8,4.8,4,4,4,-4.76,-4.76,-4.76,3.7,3.7,3.7,6,6,6,6.1,6.1,6.1,6.1,6.1,6.1,8.1,8.1,8.1,8,8,8,9.5,9.5,9.5,13613.3,13613.3,13613.3,107.2,107.2,107.2,138.7,138.7,138.7,21.9,21.9,21.9,2.2,2.2,2.2,3.4,3.4,3.4,0.884,0.884,0.884,1.2,1.2,1.2,1,1,1,1.479,1.479,1.479
Actual,No,2000 Q4,2.3,2.3,2.3,1.4,1.4,1.4,3.9,3.9,3.9,-4.88,-4.88,-4.88,2.9,2.9,2.9,6,6,6,5.6,5.6,5.6,5.8,5.8,5.8,7.9,7.9,7.9,7.6,7.6,7.6,9.5,9.5,9.5,12175.9,12175.9,12175.9,109.6,109.6,109.6,143.7,143.7,143.7,31.7,31.7,31.7,3.1,3.1,3.1,2.8,2.8,2.8,0.939,0.939,0.939,0.8,0.8,0.8,1.9,1.9,1.9,1.496,1.496,1.496
Actual,No,2001 Q1,-1.1,-1.1,-1.1,3.5,3.5,3.5,4.2,4.2,4.2,5,5,5,3.9,3.9,3.9,4.8,4.8,4.8,4.9,4.9,4.9,5.3,5.3,5.3,7.4,7.4,7.4,7,7,7,8.6,8.6,8.6,10645.9,10645.9,10645.9,112.1,112.1,112.1,142.9,142.9,142.9,32.8,32.8,32.8,3.4,3.4,3.4,1.2,1.2,1.2,0.879,0.879,0.879,4.1,4.1,4.1,-0.1,-0.1,-0.1,1.419,1.419,1.419
Actual,No,2001 Q2,2.1,2.1,2.1,-0.3,-0.3,-0.3,4.4,4.4,4.4,12.82,12.82,12.82,2.8,2.8,2.8,3.7,3.7,3.7,4.9,4.9,4.9,5.5,5.5,5.5,7.5,7.5,7.5,7.1,7.1,7.1,7.3,7.3,7.3,11407.2,11407.2,11407.2,114.1,114.1,114.1,141.9,141.9,141.9,34.7,34.7,34.7,0.6,0.6,0.6,4,4,4,0.847,0.847,0.847,3.4,3.4,3.4,3.2,3.2,3.2,1.408,1.408,1.408
Actual,No,2001 Q3,-1.3,-1.3,-1.3,9.8,9.8,9.8,4.8,4.8,4.8,20,20,20,1.1,1.1,1.1,3.2,3.2,3.2,4.6,4.6,4.6,5.3,5.3,5.3,7.3,7.3,7.3,7,7,7,6.6,6.6,6.6,9563,9563,9563,116.3,116.3,116.3,143.5,143.5,143.5,43.7,43.7,43.7,0.3,0.3,0.3,1.4,1.4,1.4,0.91,0.91,0.91,2.6,2.6,2.6,1,1,1,1.469,1.469,1.469
Actual,No,2001 Q4,1.1,1.1,1.1,-4.9,-4.9,-4.9,5.5,5.5,5.5,41.03,41.03,41.03,-0.3,-0.3,-0.3,1.9,1.9,1.9,4.2,4.2,4.2,5.1,5.1,5.1,7.2,7.2,7.2,6.8,6.8,6.8,5.2,5.2,5.2,10707.7,10707.7,10707.7,118.2,118.2,118.2,138.7,138.7,138.7,35.3,35.3,35.3,0.9,0.9,0.9,1.7,1.7,1.7,0.89,0.89,0.89,1.3,1.3,1.3,-0.1,-0.1,-0.1,1.454,1.454,1.454
Actual,No,2002 Q1,3.7,3.7,3.7,10.1,10.1,10.1,5.7,5.7,5.7,35.71,35.71,35.71,1.3,1.3,1.3,1.7,1.7,1.7,4.5,4.5,4.5,5.4,5.4,5.4,7.6,7.6,7.6,7,7,7,4.8,4.8,4.8,10775.7,10775.7,10775.7,120.4,120.4,120.4,139.8,139.8,139.8,26.1,26.1,26.1,0.5,0.5,0.5,3.1,3.1,3.1,0.872,0.872,0.872,1.9,1.9,1.9,2,2,2,1.425,1.425,1.425
Actual,No,2002 Q2,2.2,2.2,2.2,2,2,2,5.8,5.8,5.8,31.82,31.82,31.82,3.2,3.2,3.2,1.7,1.7,1.7,4.5,4.5,4.5,5.4,5.4,5.4,7.6,7.6,7.6,6.8,6.8,6.8,4.8,4.8,4.8,9384,9384,9384,123.5,123.5,123.5,139.5,139.5,139.5,28.4,28.4,28.4,1.9,1.9,1.9,2,2,2,0.986,0.986,0.986,2.9,2.9,2.9,0.9,0.9,0.9,1.525,1.525,1.525
Actual,No,2002 Q3,2,2,2,-0.5,-0.5,-0.5,5.7,5.7,5.7,18.75,18.75,18.75,2.2,2.2,2.2,1.6,1.6,1.6,3.4,3.4,3.4,4.5,4.5,4.5,7.3,7.3,7.3,6.3,6.3,6.3,4.8,4.8,4.8,7773.6,7773.6,7773.6,126.5,126.5,126.5,141.9,141.9,141.9,45.1,45.1,45.1,1.6,1.6,1.6,1.6,1.6,1.6,0.988,0.988,0.988,3.3,3.3,3.3,1.3,1.3,1.3,1.57,1.57,1.57
Actual,No,2002 Q4,0.3,0.3,0.3,1.9,1.9,1.9,5.9,5.9,5.9,7.27,7.27,7.27,2.4,2.4,2.4,1.3,1.3,1.3,3.1,3.1,3.1,4.3,4.3,4.3,7,7,7,6.1,6.1,6.1,4.5,4.5,4.5,8343.2,8343.2,8343.2,129.2,129.2,129.2,144.2,144.2,144.2,42.6,42.6,42.6,0.6,0.6,0.6,2.3,2.3,2.3,1.049,1.049,1.049,3.8,3.8,3.8,1.9,1.9,1.9,1.61,1.61,1.61
Actual,No,2003 Q1,2.1,2.1,2.1,1.1,1.1,1.1,5.9,5.9,5.9,3.51,3.51,3.51,4.2,4.2,4.2,1.2,1.2,1.2,2.9,2.9,2.9,4.2,4.2,4.2,6.5,6.5,6.5,5.8,5.8,5.8,4.3,4.3,4.3,8051.9,8051.9,8051.9,131.8,131.8,131.8,150.5,150.5,150.5,34.7,34.7,34.7,-1,-1,-1,3.3,3.3,3.3,1.09,1.09,1.09,2.5,2.5,2.5,1.7,1.7,1.7,1.579,1.579,1.579
Actual,No,2003 Q2,3.8,3.8,3.8,5.9,5.9,5.9,6.1,6.1,6.1,5.17,5.17,5.17,-0.7,-0.7,-0.7,1,1,1,2.6,2.6,2.6,3.8,3.8,3.8,5.7,5.7,5.7,5.5,5.5,5.5,4.2,4.2,4.2,9342.4,9342.4,9342.4,134.6,134.6,134.6,151.1,151.1,151.1,29.1,29.1,29.1,0.2,0.2,0.2,0.5,0.5,0.5,1.15,1.15,1.15,3.7,3.7,3.7,0.2,0.2,0.2,1.653,1.653,1.653
Actual,No,2003 Q3,6.9,6.9,6.9,6.7,6.7,6.7,6.1,6.1,6.1,7.02,7.02,7.02,3,3,3,0.9,0.9,0.9,3.1,3.1,3.1,4.4,4.4,4.4,6,6,6,6,6,6,4,4,4,9649.7,9649.7,9649.7,138.5,138.5,138.5,149.3,149.3,149.3,22.7,22.7,22.7,2.1,2.1,2.1,2.1,2.1,2.1,1.165,1.165,1.165,4,4,4,1.7,1.7,1.7,1.662,1.662,1.662
Actual,No,2003 Q4,4.8,4.8,4.8,1.6,1.6,1.6,5.8,5.8,5.8,-1.69,-1.69,-1.69,1.5,1.5,1.5,0.9,0.9,0.9,3.2,3.2,3.2,4.4,4.4,4.4,5.8,5.8,5.8,5.9,5.9,5.9,4,4,4,10799.6,10799.6,10799.6,143.1,143.1,143.1,147,147,147,21.1,21.1,21.1,3.1,3.1,3.1,2.3,2.3,2.3,1.26,1.26,1.26,3.1,3.1,3.1,1.7,1.7,1.7,1.784,1.784,1.784
Actual,No,2004 Q1,2.3,2.3,2.3,2.9,2.9,2.9,5.7,5.7,5.7,-3.39,-3.39,-3.39,3.4,3.4,3.4,0.9,0.9,0.9,3,3,3,4.1,4.1,4.1,5.5,5.5,5.5,5.6,5.6,5.6,4,4,4,11039.4,11039.4,11039.4,148.1,148.1,148.1,153.2,153.2,153.2,21.6,21.6,21.6,2.3,2.3,2.3,2.2,2.2,2.2,1.229,1.229,1.229,2.1,2.1,2.1,1.4,1.4,1.4,1.84,1.84,1.84
Actual,No,2004 Q2,3,3,3,4,4,4,5.6,5.6,5.6,-8.2,-8.2,-8.2,3.2,3.2,3.2,1.1,1.1,1.1,3.7,3.7,3.7,4.7,4.7,4.7,6.1,6.1,6.1,6.1,6.1,6.1,4,4,4,11144.6,11144.6,11144.6,153.9,153.9,153.9,163.8,163.8,163.8,20,20,20,2.1,2.1,2.1,2.6,2.6,2.6,1.218,1.218,1.218,1.7,1.7,1.7,0.8,0.8,0.8,1.813,1.813,1.813
Actual,No,2004 Q3,3.7,3.7,3.7,2.1,2.1,2.1,5.4,5.4,5.4,-11.48,-11.48,-11.48,2.6,2.6,2.6,1.5,1.5,1.5,3.5,3.5,3.5,4.4,4.4,4.4,5.8,5.8,5.8,5.9,5.9,5.9,4.4,4.4,4.4,10893.8,10893.8,10893.8,159.5,159.5,159.5,175.1,175.1,175.1,19.3,19.3,19.3,1.2,1.2,1.2,2,2,2,1.242,1.242,1.242,0.9,0.9,0.9,1.1,1.1,1.1,1.809,1.809,1.809
Actual,No,2004 Q4,3.5,3.5,3.5,5.1,5.1,5.1,5.4,5.4,5.4,-6.9,-6.9,-6.9,4.4,4.4,4.4,2,2,2,3.5,3.5,3.5,4.3,4.3,4.3,5.4,5.4,5.4,5.7,5.7,5.7,4.9,4.9,4.9,11951.5,11951.5,11951.5,165.4,165.4,165.4,178.1,178.1,178.1,16.6,16.6,16.6,1.5,1.5,1.5,2.4,2.4,2.4,1.354,1.354,1.354,1.5,1.5,1.5,2.4,2.4,2.4,1.916,1.916,1.916
Actual,No,2005 Q1,4.3,4.3,4.3,-3.8,-3.8,-3.8,5.3,5.3,5.3,-7.02,-7.02,-7.02,2,2,2,2.5,2.5,2.5,3.9,3.9,3.9,4.4,4.4,4.4,5.4,5.4,5.4,5.8,5.8,5.8,5.4,5.4,5.4,11637.3,11637.3,11637.3,172.3,172.3,172.3,179.3,179.3,179.3,14.7,14.7,14.7,0.7,0.7,0.7,1.4,1.4,1.4,1.297,1.297,1.297,3.4,3.4,3.4,2.6,2.6,2.6,1.889,1.889,1.889
Actual,No,2005 Q2,2.1,2.1,2.1,3.2,3.2,3.2,5.1,5.1,5.1,-8.93,-8.93,-8.93,2.7,2.7,2.7,2.9,2.9,2.9,3.9,3.9,3.9,4.2,4.2,4.2,5.5,5.5,5.5,5.7,5.7,5.7,5.9,5.9,5.9,11856.7,11856.7,11856.7,179.1,179.1,179.1,185.3,185.3,185.3,17.7,17.7,17.7,2.7,2.7,2.7,2.2,2.2,2.2,1.21,1.21,1.21,4.4,4.4,4.4,1.8,1.8,1.8,1.793,1.793,1.793
Actual,No,2005 Q3,3.4,3.4,3.4,2.1,2.1,2.1,5,5,5,-7.41,-7.41,-7.41,6.2,6.2,6.2,3.4,3.4,3.4,4,4,4,4.3,4.3,4.3,5.5,5.5,5.5,5.8,5.8,5.8,6.4,6.4,6.4,12282.9,12282.9,12282.9,185.3,185.3,185.3,190.3,190.3,190.3,14.2,14.2,14.2,3,3,3,3.1,3.1,3.1,1.206,1.206,1.206,4.3,4.3,4.3,2.8,2.8,2.8,1.77,1.77,1.77
Actual,No,2005 Q4,2.3,2.3,2.3,3.4,3.4,3.4,5,5,5,-7.41,-7.41,-7.41,3.8,3.8,3.8,3.8,3.8,3.8,4.4,4.4,4.4,4.6,4.6,4.6,5.9,5.9,5.9,6.2,6.2,6.2,7,7,7,12497.2,12497.2,12497.2,190.7,190.7,190.7,198.5,198.5,198.5,16.5,16.5,16.5,2.4,2.4,2.4,2.4,2.4,2.4,1.184,1.184,1.184,6,6,6,1.4,1.4,1.4,1.719,1.719,1.719
Actual,No,2006 Q1,4.9,4.9,4.9,9.5,9.5,9.5,4.7,4.7,4.7,-11.32,-11.32,-11.32,2.1,2.1,2.1,4.4,4.4,4.4,4.6,4.6,4.6,4.7,4.7,4.7,6,6,6,6.2,6.2,6.2,7.4,7.4,7.4,13121.6,13121.6,13121.6,193.8,193.8,193.8,203.9,203.9,203.9,14.6,14.6,14.6,3.7,3.7,3.7,1.7,1.7,1.7,1.214,1.214,1.214,1.1,1.1,1.1,1.9,1.9,1.9,1.739,1.739,1.739
Actual,No,2006 Q2,1.2,1.2,1.2,0.6,0.6,0.6,4.6,4.6,4.6,-9.8,-9.8,-9.8,3.7,3.7,3.7,4.7,4.7,4.7,5,5,5,5.2,5.2,5.2,6.5,6.5,6.5,6.6,6.6,6.6,7.9,7.9,7.9,12808.9,12808.9,12808.9,193.2,193.2,193.2,212.8,212.8,212.8,23.8,23.8,23.8,4.3,4.3,4.3,2.5,2.5,2.5,1.278,1.278,1.278,0.8,0.8,0.8,3,3,3,1.849,1.849,1.849
Actual,No,2006 Q3,0.4,0.4,0.4,1.2,1.2,1.2,4.6,4.6,4.6,-8,-8,-8,3.8,3.8,3.8,4.9,4.9,4.9,4.8,4.8,4.8,5,5,5,6.4,6.4,6.4,6.6,6.6,6.6,8.3,8.3,8.3,13322.5,13322.5,13322.5,191.7,191.7,191.7,220.2,220.2,220.2,18.6,18.6,18.6,2.6,2.6,2.6,2.1,2.1,2.1,1.269,1.269,1.269,0.3,0.3,0.3,3.3,3.3,3.3,1.872,1.872,1.872
Actual,No,2006 Q4,3.2,3.2,3.2,5.3,5.3,5.3,4.4,4.4,4.4,-12,-12,-12,-1.6,-1.6,-1.6,4.9,4.9,4.9,4.6,4.6,4.6,4.7,4.7,4.7,6.1,6.1,6.1,6.2,6.2,6.2,8.3,8.3,8.3,14215.8,14215.8,14215.8,191.2,191.2,191.2,222.4,222.4,222.4,12.7,12.7,12.7,4.5,4.5,4.5,0.9,0.9,0.9,1.32,1.32,1.32,1.5,1.5,1.5,2.6,2.6,2.6,1.959,1.959,1.959
Actual,No,2007 Q1,0.2,0.2,0.2,2.6,2.6,2.6,4.5,4.5,4.5,-4.26,-4.26,-4.26,4,4,4,5,5,5,4.6,4.6,4.6,4.8,4.8,4.8,6.1,6.1,6.1,6.2,6.2,6.2,8.3,8.3,8.3,14354,14354,14354,189.1,189.1,189.1,229.9,229.9,229.9,19.6,19.6,19.6,3,3,3,2.3,2.3,2.3,1.337,1.337,1.337,3.7,3.7,3.7,2.5,2.5,2.5,1.969,1.969,1.969
Actual,No,2007 Q2,3.1,3.1,3.1,0.8,0.8,0.8,4.5,4.5,4.5,-2.17,-2.17,-2.17,4.6,4.6,4.6,4.7,4.7,4.7,4.7,4.7,4.7,4.9,4.9,4.9,6.3,6.3,6.3,6.4,6.4,6.4,8.3,8.3,8.3,15163.1,15163.1,15163.1,183.6,183.6,183.6,239.1,239.1,239.1,18.9,18.9,18.9,2.6,2.6,2.6,2.3,2.3,2.3,1.352,1.352,1.352,2.9,2.9,2.9,1.8,1.8,1.8,2.006,2.006,2.006
Actual,No,2007 Q3,2.7,2.7,2.7,1.1,1.1,1.1,4.7,4.7,4.7,2.17,2.17,2.17,2.6,2.6,2.6,4.3,4.3,4.3,4.5,4.5,4.5,4.8,4.8,4.8,6.5,6.5,6.5,6.6,6.6,6.6,8.2,8.2,8.2,15317.8,15317.8,15317.8,177.8,177.8,177.8,247.1,247.1,247.1,30.8,30.8,30.8,2,2,2,2.1,2.1,2.1,1.422,1.422,1.422,2.7,2.7,2.7,0.3,0.3,0.3,2.039,2.039,2.039
Actual,No,2007 Q4,1.4,1.4,1.4,0.3,0.3,0.3,4.8,4.8,4.8,9.09,9.09,9.09,5,5,5,3.4,3.4,3.4,3.8,3.8,3.8,4.4,4.4,4.4,6.4,6.4,6.4,6.2,6.2,6.2,7.5,7.5,7.5,14753.6,14753.6,14753.6,172,172,172,249.2,249.2,249.2,31.1,31.1,31.1,2.1,2.1,2.1,4.8,4.8,4.8,1.46,1.46,1.46,3.3,3.3,3.3,4,4,4,1.984,1.984,1.984
Actual,No,2008 Q1,-2.7,-2.7,-2.7,2.9,2.9,2.9,5,5,5,11.11,11.11,11.11,4.4,4.4,4.4,2.1,2.1,2.1,2.8,2.8,2.8,3.9,3.9,3.9,6.5,6.5,6.5,5.9,5.9,5.9,6.2,6.2,6.2,13284.1,13284.1,13284.1,164.8,164.8,164.8,236.3,236.3,236.3,32.2,32.2,32.2,2.2,2.2,2.2,4.3,4.3,4.3,1.581,1.581,1.581,1.1,1.1,1.1,3.4,3.4,3.4,1.986,1.986,1.986
Actual,No,2008 Q2,2,2,2,8.7,8.7,8.7,5.3,5.3,5.3,17.78,17.78,17.78,5.3,5.3,5.3,1.6,1.6,1.6,3.2,3.2,3.2,4.1,4.1,4.1,6.8,6.8,6.8,6.1,6.1,6.1,5.1,5.1,5.1,13016.4,13016.4,13016.4,156.9,156.9,156.9,224.2,224.2,224.2,24.1,24.1,24.1,-1.5,-1.5,-1.5,3.2,3.2,3.2,1.575,1.575,1.575,-2.7,-2.7,-2.7,5.8,5.8,5.8,1.991,1.991,1.991
Actual,No,2008 Q3,-1.9,-1.9,-1.9,-8.9,-8.9,-8.9,6,6,6,27.66,27.66,27.66,6.3,6.3,6.3,1.5,1.5,1.5,3.1,3.1,3.1,4.1,4.1,4.1,7.2,7.2,7.2,6.3,6.3,6.3,5,5,5,11826,11826,11826,149.6,149.6,149.6,231.1,231.1,231.1,46.7,46.7,46.7,-2.3,-2.3,-2.3,3.2,3.2,3.2,1.408,1.408,1.408,-6.3,-6.3,-6.3,5.9,5.9,5.9,1.78,1.78,1.78
Actual,No,2008 Q4,-8.2,-8.2,-8.2,2.6,2.6,2.6,6.9,6.9,6.9,43.75,43.75,43.75,-8.9,-8.9,-8.9,0.3,0.3,0.3,2.2,2.2,2.2,3.7,3.7,3.7,9.4,9.4,9.4,5.9,5.9,5.9,4.1,4.1,4.1,9056.7,9056.7,9056.7,141.9,141.9,141.9,218.6,218.6,218.6,80.9,80.9,80.9,-6.7,-6.7,-6.7,-1.4,-1.4,-1.4,1.392,1.392,1.392,-8.4,-8.4,-8.4,0.4,0.4,0.4,1.462,1.462,1.462
Actual,No,2009 Q1,-5.4,-5.4,-5.4,-0.8,-0.8,-0.8,8.3,8.3,8.3,66,66,66,-2.7,-2.7,-2.7,0.2,0.2,0.2,1.9,1.9,1.9,3.2,3.2,3.2,9,9,9,5.1,5.1,5.1,3.3,3.3,3.3,8044.2,8044.2,8044.2,137.7,137.7,137.7,207.9,207.9,207.9,56.7,56.7,56.7,-11.2,-11.2,-11.2,-1.1,-1.1,-1.1,1.326,1.326,1.326,-6.2,-6.2,-6.2,-0.2,-0.2,-0.2,1.43,1.43,1.43
Actual,No,2009 Q2,-0.5,-0.5,-0.5,2.9,2.9,2.9,9.3,9.3,9.3,75.47,75.47,75.47,2.1,2.1,2.1,0.2,0.2,0.2,2.3,2.3,2.3,3.7,3.7,3.7,8.2,8.2,8.2,5,5,5,3.3,3.3,3.3,9342.8,9342.8,9342.8,137.6,137.6,137.6,180,180,180,42.3,42.3,42.3,-1.1,-1.1,-1.1,0,0,0,1.402,1.402,1.402,-0.9,-0.9,-0.9,2.3,2.3,2.3,1.645,1.645,1.645
Actual,No,2009 Q3,1.3,1.3,1.3,-4.3,-4.3,-4.3,9.6,9.6,9.6,60,60,60,3.5,3.5,3.5,0.2,0.2,0.2,2.5,2.5,2.5,3.8,3.8,3.8,6.8,6.8,6.8,5.2,5.2,5.2,3.3,3.3,3.3,10812.8,10812.8,10812.8,138.2,138.2,138.2,160.2,160.2,160.2,31.3,31.3,31.3,1.2,1.2,1.2,1.1,1.1,1.1,1.463,1.463,1.463,0.6,0.6,0.6,3.6,3.6,3.6,1.6,1.6,1.6
Actual,No,2009 Q4,3.9,3.9,3.9,-0.5,-0.5,-0.5,9.9,9.9,9.9,43.48,43.48,43.48,3.2,3.2,3.2,0.1,0.1,0.1,2.3,2.3,2.3,3.7,3.7,3.7,6.1,6.1,6.1,4.9,4.9,4.9,3.3,3.3,3.3,11385.1,11385.1,11385.1,138.7,138.7,138.7,159.5,159.5,159.5,30.7,30.7,30.7,2.2,2.2,2.2,1.6,1.6,1.6,1.433,1.433,1.433,1.1,1.1,1.1,2.8,2.8,2.8,1.617,1.617,1.617
Actual,No,2010 Q1,1.7,1.7,1.7,0.4,0.4,0.4,9.8,9.8,9.8,18.07,18.07,18.07,0.6,0.6,0.6,0.1,0.1,0.1,2.4,2.4,2.4,3.9,3.9,3.9,5.8,5.8,5.8,5,5,5,3.3,3.3,3.3,12032.5,12032.5,12032.5,138.7,138.7,138.7,152.5,152.5,152.5,27.3,27.3,27.3,1.7,1.7,1.7,1.8,1.8,1.8,1.353,1.353,1.353,2.2,2.2,2.2,4.2,4.2,4.2,1.519,1.519,1.519
Actual,No,2010 Q2,3.9,3.9,3.9,5.3,5.3,5.3,9.6,9.6,9.6,3.23,3.23,3.23,-0.1,-0.1,-0.1,0.1,0.1,0.1,2.3,2.3,2.3,3.6,3.6,3.6,5.6,5.6,5.6,4.9,4.9,4.9,3.3,3.3,3.3,10645.8,10645.8,10645.8,137.8,137.8,137.8,165.2,165.2,165.2,45.8,45.8,45.8,3.8,3.8,3.8,2,2,2,1.229,1.229,1.229,3.6,3.6,3.6,3.3,3.3,3.3,1.495,1.495,1.495
Actual,No,2010 Q3,2.7,2.7,2.7,2,2,2,9.5,9.5,9.5,-1.04,-1.04,-1.04,1.2,1.2,1.2,0.2,0.2,0.2,1.6,1.6,1.6,2.9,2.9,2.9,5.1,5.1,5.1,4.4,4.4,4.4,3.3,3.3,3.3,11814,11814,11814,135.2,135.2,135.2,165.4,165.4,165.4,32.9,32.9,32.9,1.8,1.8,1.8,1.6,1.6,1.6,1.36,1.36,1.36,1.9,1.9,1.9,2.2,2.2,2.2,1.573,1.573,1.573
Actual,No,2010 Q4,2.5,2.5,2.5,2.8,2.8,2.8,9.5,9.5,9.5,-4.04,-4.04,-4.04,3.3,3.3,3.3,0.1,0.1,0.1,1.5,1.5,1.5,3,3,3,5,5,5,4.4,4.4,4.4,3.3,3.3,3.3,13131.5,13131.5,13131.5,133.9,133.9,133.9,167.3,167.3,167.3,23.5,23.5,23.5,2.4,2.4,2.4,2.6,2.6,2.6,1.327,1.327,1.327,0.3,0.3,0.3,3.9,3.9,3.9,1.539,1.539,1.539
Actual,No,2011 Q1,-1.5,-1.5,-1.5,5,5,5,9,9,9,-8.16,-8.16,-8.16,4.3,4.3,4.3,0.1,0.1,0.1,2.1,2.1,2.1,3.5,3.5,3.5,5.4,5.4,5.4,4.8,4.8,4.8,3.3,3.3,3.3,13908.5,13908.5,13908.5,132.7,132.7,132.7,171.7,171.7,171.7,29.4,29.4,29.4,3.4,3.4,3.4,3.7,3.7,3.7,1.418,1.418,1.418,2.4,2.4,2.4,7,7,7,1.605,1.605,1.605
Actual,No,2011 Q2,2.9,2.9,2.9,-0.6,-0.6,-0.6,9.1,9.1,9.1,-5.21,-5.21,-5.21,4.6,4.6,4.6,0,0,0,1.8,1.8,1.8,3.3,3.3,3.3,5.1,5.1,5.1,4.7,4.7,4.7,3.3,3.3,3.3,13843.5,13843.5,13843.5,132.2,132.2,132.2,173.4,173.4,173.4,22.7,22.7,22.7,0,0,0,3.2,3.2,3.2,1.452,1.452,1.452,0.6,0.6,0.6,4.6,4.6,4.6,1.607,1.607,1.607
Actual,No,2011 Q3,0.8,0.8,0.8,2.1,2.1,2.1,9,9,9,-5.26,-5.26,-5.26,2.6,2.6,2.6,0,0,0,1.1,1.1,1.1,2.5,2.5,2.5,4.9,4.9,4.9,4.3,4.3,4.3,3.3,3.3,3.3,11676.5,11676.5,11676.5,132.8,132.8,132.8,172.1,172.1,172.1,48,48,48,0,0,0,1.3,1.3,1.3,1.345,1.345,1.345,1.5,1.5,1.5,3.5,3.5,3.5,1.562,1.562,1.562
Actual,No,2011 Q4,4.6,4.6,4.6,0.2,0.2,0.2,8.6,8.6,8.6,-9.47,-9.47,-9.47,1.8,1.8,1.8,0,0,0,1,1,1,2.1,2.1,2.1,5,5,5,4,4,4,3.3,3.3,3.3,13019.3,13019.3,13019.3,132.8,132.8,132.8,177.7,177.7,177.7,45.5,45.5,45.5,-1.4,-1.4,-1.4,3.5,3.5,3.5,1.297,1.297,1.297,0.8,0.8,0.8,3.4,3.4,3.4,1.554,1.554,1.554
Actual,No,2012 Q1,2.7,2.7,2.7,6.7,6.7,6.7,8.3,8.3,8.3,-7.78,-7.78,-7.78,2.3,2.3,2.3,0.1,0.1,0.1,0.9,0.9,0.9,2.1,2.1,2.1,4.7,4.7,4.7,3.9,3.9,3.9,3.3,3.3,3.3,14627.5,14627.5,14627.5,134.3,134.3,134.3,179.8,179.8,179.8,23,23,23,-0.6,-0.6,-0.6,2.8,2.8,2.8,1.333,1.333,1.333,2.6,2.6,2.6,2.3,2.3,2.3,1.599,1.599,1.599
Actual,No,2012 Q2,1.9,1.9,1.9,3.1,3.1,3.1,8.2,8.2,8.2,-9.89,-9.89,-9.89,0.8,0.8,0.8,0.1,0.1,0.1,0.8,0.8,0.8,1.8,1.8,1.8,4.5,4.5,4.5,3.8,3.8,3.8,3.3,3.3,3.3,14100.2,14100.2,14100.2,137.6,137.6,137.6,180.8,180.8,180.8,26.7,26.7,26.7,-1.4,-1.4,-1.4,2.3,2.3,2.3,1.267,1.267,1.267,-0.4,-0.4,-0.4,1.9,1.9,1.9,1.569,1.569,1.569
Actual,No,2012 Q3,0.5,0.5,0.5,-0.2,-0.2,-0.2,8,8,8,-11.11,-11.11,-11.11,1.8,1.8,1.8,0.1,0.1,0.1,0.7,0.7,0.7,1.6,1.6,1.6,4.2,4.2,4.2,3.6,3.6,3.6,3.3,3.3,3.3,14894.7,14894.7,14894.7,140.4,140.4,140.4,187.2,187.2,187.2,20.5,20.5,20.5,-0.6,-0.6,-0.6,1.6,1.6,1.6,1.286,1.286,1.286,4.7,4.7,4.7,2.1,2.1,2.1,1.613,1.613,1.613
Actual,No,2012 Q4,0.1,0.1,0.1,10.9,10.9,10.9,7.8,7.8,7.8,-9.3,-9.3,-9.3,2.7,2.7,2.7,0.1,0.1,0.1,0.7,0.7,0.7,1.7,1.7,1.7,3.9,3.9,3.9,3.4,3.4,3.4,3.3,3.3,3.3,14834.9,14834.9,14834.9,143.3,143.3,143.3,186.8,186.8,186.8,22.7,22.7,22.7,-1.7,-1.7,-1.7,2.4,2.4,2.4,1.319,1.319,1.319,-0.6,-0.6,-0.6,4.2,4.2,4.2,1.626,1.626,1.626
Actual,No,2013 Q1,2.8,2.8,2.8,-15.7,-15.7,-15.7,7.7,7.7,7.7,-7.23,-7.23,-7.23,1.6,1.6,1.6,0.1,0.1,0.1,0.8,0.8,0.8,1.9,1.9,1.9,4,4,4,3.5,3.5,3.5,3.3,3.3,3.3,16396.2,16396.2,16396.2,147,147,147,190,190,190,19,19,19,-1.3,-1.3,-1.3,1.2,1.2,1.2,1.282,1.282,1.282,2.6,2.6,2.6,3,3,3,1.519,1.519,1.519
Actual,No,2013 Q2,0.8,0.8,0.8,2.4,2.4,2.4,7.5,7.5,7.5,-8.54,-8.54,-8.54,-0.5,-0.5,-0.5,0.1,0.1,0.1,0.9,0.9,0.9,2,2,2,4.1,4.1,4.1,3.7,3.7,3.7,3.3,3.3,3.3,16771.3,16771.3,16771.3,151,151,151,199.1,199.1,199.1,20.5,20.5,20.5,1.9,1.9,1.9,0.4,0.4,0.4,1.301,1.301,1.301,2.2,2.2,2.2,1.5,1.5,1.5,1.521,1.521,1.521
Actual,No,2013 Q3,3.1,3.1,3.1,2.4,2.4,2.4,7.2,7.2,7.2,-10,-10,-10,2.2,2.2,2.2,0,0,0,1.5,1.5,1.5,2.7,2.7,2.7,4.9,4.9,4.9,4.4,4.4,4.4,3.3,3.3,3.3,17718.3,17718.3,17718.3,154.7,154.7,154.7,208.4,208.4,208.4,17,17,17,1.4,1.4,1.4,1.3,1.3,1.3,1.354,1.354,1.354,3.4,3.4,3.4,2.1,2.1,2.1,1.618,1.618,1.618
Actual,No,2013 Q4,4,4,4,0.9,0.9,0.9,6.9,6.9,6.9,-11.54,-11.54,-11.54,1.6,1.6,1.6,0.1,0.1,0.1,1.4,1.4,1.4,2.8,2.8,2.8,4.8,4.8,4.8,4.3,4.3,4.3,3.3,3.3,3.3,19413.2,19413.2,19413.2,157.9,157.9,157.9,212.2,212.2,212.2,20.3,20.3,20.3,1,1,1,0.3,0.3,0.3,1.378,1.378,1.378,2.1,2.1,2.1,1.7,1.7,1.7,1.657,1.657,1.657
Actual,No,2014 Q1,-0.9,-0.9,-0.9,4.3,4.3,4.3,6.7,6.7,6.7,-12.99,-12.99,-12.99,2.6,2.6,2.6,0,0,0,1.6,1.6,1.6,2.8,2.8,2.8,4.6,4.6,4.6,4.4,4.4,4.4,3.3,3.3,3.3,19711.2,19711.2,19711.2,159.9,159.9,159.9,211,211,211,21.4,21.4,21.4,1.7,1.7,1.7,0.8,0.8,0.8,1.378,1.378,1.378,3.5,3.5,3.5,1.8,1.8,1.8,1.668,1.668,1.668
Actual,No,2014 Q2,4.6,4.6,4.6,5.3,5.3,5.3,6.2,6.2,6.2,-17.33,-17.33,-17.33,1.9,1.9,1.9,0,0,0,1.7,1.7,1.7,2.7,2.7,2.7,4.3,4.3,4.3,4.2,4.2,4.2,3.3,3.3,3.3,20568.7,20568.7,20568.7,161,161,161,219.6,219.6,219.6,17,17,17,0.5,0.5,0.5,0,0,0,1.369,1.369,1.369,3.5,3.5,3.5,1.4,1.4,1.4,1.711,1.711,1.711
Actual,No,2014 Q3,5.2,5.2,5.2,4.2,4.2,4.2,6.1,6.1,6.1,-15.28,-15.28,-15.28,1,1,1,0,0,0,1.7,1.7,1.7,2.5,2.5,2.5,4.2,4.2,4.2,4.1,4.1,4.1,3.3,3.3,3.3,20458.8,20458.8,20458.8,163.1,163.1,163.1,223.2,223.2,223.2,17,17,17,1.7,1.7,1.7,0.3,0.3,0.3,1.263,1.263,1.263,3.1,3.1,3.1,0.8,0.8,0.8,1.622,1.622,1.622
Actual,No,2014 Q4,2,2,2,5.9,5.9,5.9,5.7,5.7,5.7,-17.39,-17.39,-17.39,-0.7,-0.7,-0.7,0,0,0,1.6,1.6,1.6,2.3,2.3,2.3,4.2,4.2,4.2,4,4,4,3.3,3.3,3.3,21424.6,21424.6,21424.6,165.7,165.7,165.7,234,234,234,26.3,26.3,26.3,2,2,2,-0.4,-0.4,-0.4,1.21,1.21,1.21,3.1,3.1,3.1,-0.4,-0.4,-0.4,1.558,1.558,1.558
Actual,No,2015 Q1,3.2,3.2,3.2,4.3,4.3,4.3,5.6,5.6,5.6,-16.42,-16.42,-16.42,-2.5,-2.5,-2.5,0,0,0,1.5,1.5,1.5,2,2,2,4,4,4,3.7,3.7,3.7,3.3,3.3,3.3,21707.6,21707.6,21707.6,168,168,168,249.4,249.4,249.4,22.4,22.4,22.4,3,3,3,-0.9,-0.9,-0.9,1.074,1.074,1.074,1.4,1.4,1.4,-1.3,-1.3,-1.3,1.485,1.485,1.485
Actual,No,2015 Q2,2.7,2.7,2.7,3.8,3.8,3.8,5.4,5.4,5.4,-12.9,-12.9,-12.9,2.4,2.4,2.4,0,0,0,1.5,1.5,1.5,2.2,2.2,2.2,4.2,4.2,4.2,3.8,3.8,3.8,3.3,3.3,3.3,21630.9,21630.9,21630.9,170.1,170.1,170.1,250.8,250.8,250.8,18.9,18.9,18.9,1.3,1.3,1.3,1.9,1.9,1.9,1.115,1.115,1.115,2.3,2.3,2.3,0.8,0.8,0.8,1.573,1.573,1.573
Actual,No,2015 Q3,1.6,1.6,1.6,1.8,1.8,1.8,5.1,5.1,5.1,-16.39,-16.39,-16.39,1.5,1.5,1.5,0,0,0,1.6,1.6,1.6,2.3,2.3,2.3,4.5,4.5,4.5,4,4,4,3.3,3.3,3.3,19959.3,19959.3,19959.3,172.4,172.4,172.4,257.2,257.2,257.2,40.7,40.7,40.7,1.7,1.7,1.7,-0.2,-0.2,-0.2,1.116,1.116,1.116,1.7,1.7,1.7,0.8,0.8,0.8,1.512,1.512,1.512
Actual,No,2015 Q4,0.5,0.5,0.5,2.9,2.9,2.9,5,5,5,-12.28,-12.28,-12.28,0.4,0.4,0.4,0.1,0.1,0.1,1.6,1.6,1.6,2.2,2.2,2.2,4.6,4.6,4.6,3.9,3.9,3.9,3.3,3.3,3.3,21100.9,21100.9,21100.9,174.9,174.9,174.9,254.4,254.4,254.4,24.4,24.4,24.4,1.9,1.9,1.9,-0.1,-0.1,-0.1,1.086,1.086,1.086,2.9,2.9,2.9,0,0,0,1.475,1.475,1.475
Actual,No,2016 Q1,0.6,0.6,0.6,0.2,0.2,0.2,4.9,4.9,4.9,-12.5,-12.5,-12.5,0.1,0.1,0.1,0.3,0.3,0.3,1.4,1.4,1.4,2,2,2,4.6,4.6,4.6,3.7,3.7,3.7,3.5,3.5,3.5,21179.4,21179.4,21179.4,177.2,177.2,177.2,244.6,244.6,244.6,28.1,28.1,28.1,2,2,2,-1.3,-1.3,-1.3,1.139,1.139,1.139,0.8,0.8,0.8,-0.1,-0.1,-0.1,1.438,1.438,1.438
Actual,No,2016 Q2,2.2,2.2,2.2,1.9,1.9,1.9,4.9,4.9,4.9,-9.26,-9.26,-9.26,2.3,2.3,2.3,0.3,0.3,0.3,1.3,1.3,1.3,1.8,1.8,1.8,4.1,4.1,4.1,3.6,3.6,3.6,3.5,3.5,3.5,21621.5,21621.5,21621.5,179.3,179.3,179.3,248.1,248.1,248.1,25.8,25.8,25.8,1.4,1.4,1.4,1.2,1.2,1.2,1.103,1.103,1.103,1.9,1.9,1.9,0.7,0.7,0.7,1.324,1.324,1.324
Actual,No,2016 Q3,2.8,2.8,2.8,0.7,0.7,0.7,4.9,4.9,4.9,-3.92,-3.92,-3.92,1.8,1.8,1.8,0.3,0.3,0.3,1.2,1.2,1.2,1.6,1.6,1.6,3.7,3.7,3.7,3.4,3.4,3.4,3.5,3.5,3.5,22468.6,22468.6,22468.6,181.6,181.6,181.6,265.8,265.8,265.8,18.1,18.1,18.1,1.6,1.6,1.6,1.2,1.2,1.2,1.124,1.124,1.124,2.2,2.2,2.2,2.2,2.2,2.2,1.302,1.302,1.302
Actual,No,2016 Q4,1.8,1.8,1.8,-1.8,-1.8,-1.8,4.7,4.7,4.7,-6,-6,-6,3,3,3,0.4,0.4,0.4,1.7,1.7,1.7,2.2,2.2,2.2,4.1,4.1,4.1,3.8,3.8,3.8,3.5,3.5,3.5,23276.7,23276.7,23276.7,184.1,184.1,184.1,268.5,268.5,268.5,22.5,22.5,22.5,2.7,2.7,2.7,1.8,1.8,1.8,1.055,1.055,1.055,3,3,3,2,2,2,1.234,1.234,1.234
Actual,No,2017 Q1,1.2,1.2,1.2,2.9,2.9,2.9,4.7,4.7,4.7,-4.08,-4.08,-4.08,3.1,3.1,3.1,0.6,0.6,0.6,2,2,2,2.5,2.5,2.5,4.2,4.2,4.2,4.2,4.2,4.2,3.8,3.8,3.8,24508.3,24508.3,24508.3,187.1,187.1,187.1,262.3,262.3,262.3,13.1,13.1,13.1,2.5,2.5,2.5,2.8,2.8,2.8,1.07,1.07,1.07,1.2,1.2,1.2,3.7,3.7,3.7,1.254,1.254,1.254
Actual,No,2017 Q2,3.1,3.1,3.1,2.7,2.7,2.7,4.3,4.3,4.3,-12.24,-12.24,-12.24,-0.3,-0.3,-0.3,0.9,0.9,0.9,1.8,1.8,1.8,2.3,2.3,2.3,4,4,4,4,4,4,4,4,4,25125,25125,25125,190,190,190,272.1,272.1,272.1,16,16,16,2.9,2.9,2.9,0.2,0.2,0.2,1.141,1.141,1.141,1.2,1.2,1.2,3,3,3,1.3,1.3,1.3
Actual,No,2017 Q3,3.2,3.2,3.2,0.5,0.5,0.5,4.3,4.3,4.3,-12.24,-12.24,-12.24,2,2,2,1,1,1,1.8,1.8,1.8,2.3,2.3,2.3,3.9,3.9,3.9,3.9,3.9,3.9,4.3,4.3,4.3,26148.5,26148.5,26148.5,193.2,193.2,193.2,275.2,275.2,275.2,16,16,16,2.9,2.9,2.9,1,1,1,1.181,1.181,1.181,1.6,1.6,1.6,2.4,2.4,2.4,1.34,1.34,1.34
Actual,No,2017 Q4,2.7,2.7,2.7,1.9,1.9,1.9,4.1,4.1,4.1,-12.77,-12.77,-12.77,3.7,3.7,3.7,1.2,1.2,1.2,2.1,2.1,2.1,2.4,2.4,2.4,4,4,4,3.9,3.9,3.9,4.3,4.3,4.3,27673.2,27673.2,27673.2,194.4,194.4,194.4,278.7,278.7,278.7,13.1,13.1,13.1,2.3,2.3,2.3,1.7,1.7,1.7,1.202,1.202,1.202,1.4,1.4,1.4,2.9,2.9,2.9,1.353,1.353,1.353
Supervisory Baseline,Yes,2018 Q1,-1.3,2.5,-4.7,2.4,1.4,4,4,4.5,5,-14.89,-4.26,6.38,2.1,1.7,1.4,1.4,0.6,0.1,1.9,0,2.2,0.7,2.4,2.6,3.8,7.1,4.1,3.2,5.3,4.1,3.3,3.8,4.6,13465.6,24589,28019.2,185.7,190.9,195.6,282.2,261.9,272.4,50.7,28,15.3,2.1,-2.6,-4,1.5,0.8,0.1,1.201,1.133,1.123,1.4,-2.8,-3.5,2.6,1.3,0.6,1.35,1.319,1.316
Supervisory Baseline,Yes,2018 Q2,-3.5,2.8,-8.9,-1.2,-4.2,2.9,4,5.3,6.5,-6.98,23.26,51.16,1.9,1.3,0.9,1.7,0.1,0.1,1.9,0.1,2.4,0.8,2.4,2.7,4.2,7.7,4.3,3.4,5.7,4.3,3.3,3.3,4.8,11631.4,22884.3,28382,171.1,185.1,196.9,285.7,234.1,261.9,62.4,33.1,17.5,2.1,-3.4,-5.2,1.5,0.3,-0.7,1.199,1.113,1.097,1.4,-3.9,-5.1,2.5,0.6,-0.2,1.347,1.304,1.296
Supervisory Baseline,Yes,2018 Q3,-2.4,2.6,-6.8,-1.8,-5.1,2.9,3.9,5.8,7.6,-9.3,34.88,76.74,2.1,1.6,1.2,1.9,0.1,0.1,1.9,0.2,2.5,0.9,2.4,2.8,4.4,7.9,4.4,3.6,5.8,4.4,3.3,3.3,5,10575.2,21104.3,28747.4,159.4,180.4,198.1,289.3,211.8,253.6,59.5,33.7,18.7,2,-2.6,-4.3,1.6,-0.1,-1.1,1.198,1.115,1.084,1.4,-3.4,-4.8,2.4,0.3,-0.7,1.344,1.296,1.284
Supervisory Baseline,Yes,2018 Q4,-1.3,2.5,-4.7,-1.1,-3.9,2.8,3.8,6.3,8.5,-7.32,53.66,107.32,2.1,1.7,1.3,2.1,0.1,0.1,1.9,0.3,2.7,1,2.4,2.9,4.6,8,4.5,3.7,5.9,4.5,3.3,3.3,5.2,10306.1,20857.6,29110.2,150.7,176.9,199.3,292.9,195.1,247.3,52.8,32.8,20,2,-1.9,-3.3,1.6,-0.4,-1.2,1.197,1.118,1.071,1.4,-2.8,-4.1,2.3,0.2,-0.9,1.341,1.287,1.271
Supervisory Baseline,Yes,2019 Q1,-0.7,2.3,-3.6,-0.3,-2.9,2.9,3.8,6.6,9.3,-5,46.67,86,2.2,1.8,1.5,2.2,0.1,0.1,1.9,0.4,2.8,1.1,2.4,3.1,4.8,8.1,4.6,3.9,6,4.7,3.2,3.2,5.3,9689.4,19718.4,29471.8,143.4,174,200.6,296.6,181.1,242.1,47.4,31.7,20.9,1.9,-0.9,-1.6,1.6,-0.6,-0.8,1.202,1.146,1.081,1.4,-1.6,-2.8,2.2,0.4,-0.6,1.344,1.295,1.278
Supervisory Baseline,Yes,2019 Q2,0.4,2.3,-1.3,-0.1,-2.4,2.5,3.8,6.9,9.7,-5,30.19,49.23,2.2,1.9,1.5,2.4,0.1,0.1,1.9,0.5,2.8,1.2,2.4,3.1,4.8,7.9,4.7,3.9,6,4.8,3.2,3.2,5.5,10099.8,19997.9,29829.5,139,172.3,201.9,300.4,172.8,238.9,37.9,28.8,21.5,1.9,-0.1,-0.1,1.6,-0.2,-0.5,1.208,1.155,1.091,1.4,-0.4,-1.4,2.1,0.6,-0.3,1.347,1.301,1.284
Supervisory Baseline,Yes,2019 Q3,1,2.1,-0.2,0.5,-1.4,2.4,3.8,7,10,-2.56,20.69,31.58,2.2,1.9,1.5,2.5,0.1,0.1,1.9,0.6,2.9,1.3,2.4,3.2,4.7,7.5,4.8,3.9,5.8,4.9,3.2,3.2,5.6,10948.6,20579.7,30187.3,136.1,171.1,203.1,304.1,167.2,236.9,29.7,25.7,22.1,1.8,0.7,1,1.7,0.1,-0.1,1.213,1.163,1.101,1.4,0.5,-0.2,2.1,0.8,0.1,1.351,1.307,1.29
Supervisory Baseline,Yes,2019 Q4,2.5,2,2.8,1,-0.1,2.3,3.7,7,9.9,-2.63,11.11,16.47,2.4,2.1,1.8,2.6,0.1,0.1,1.9,0.6,2.9,1.4,2.4,3.3,4.6,7.1,4.9,3.9,5.7,4.9,3.2,3.2,5.7,12031.1,21349.8,30537.8,136.1,171.1,204.4,308,167.2,236.9,23.5,23.1,22.1,1.8,1.3,1.7,1.7,0.4,0.3,1.219,1.171,1.111,1.4,1.1,0.8,2,1,0.4,1.354,1.312,1.295
Supervisory Baseline,Yes,2020 Q1,2.8,2.1,3.5,2.3,1.9,2.2,3.8,6.9,9.7,0,4.55,4.3,2.3,2.1,1.8,2.7,0.1,0.1,1.9,0.7,3,1.6,2.4,3.5,4.6,6.7,5.1,4,5.5,5.1,3.2,3.2,5.7,13234.4,22145.1,30891.7,136.2,171.1,205.9,310.3,167.3,236.9,19.8,21.3,23.5,1.8,1.7,2.1,1.8,0.7,0.6,1.219,1.174,1.116,1.5,1.7,1.5,2,1.1,0.7,1.354,1.313,1.295
Supervisory Baseline,Yes,2020 Q2,3,2.1,4,2.4,2.3,2.3,3.9,6.8,9.5,2.63,-1.45,-2.06,2.3,2,1.7,2.7,0.1,0.1,1.9,0.7,3,1.7,2.4,3.5,4.4,6.3,5.1,4,5.3,5.2,3.2,3.2,5.7,14712.7,23212.5,31255.1,137.3,171.6,207.5,312.6,169.5,237.7,17.5,20.1,23.6,1.7,2,2.4,1.8,0.9,0.8,1.219,1.178,1.121,1.5,2,2.1,1.9,1.2,1,1.354,1.313,1.294
Supervisory Baseline,Yes,2020 Q3,3.2,2.1,4.2,2.6,2.7,2.3,4,6.6,9.2,5.26,-5.71,-8,2.3,2,1.6,2.7,0.1,0.1,1.9,0.8,3.1,1.8,2.4,3.5,4.3,5.9,5.2,4,5.1,5.2,3.2,3.2,5.7,16323.1,24259.3,31622.9,138.8,172.2,209,315,172.3,238.8,16,19.3,23.8,1.7,2.1,2.4,1.9,1.1,1,1.219,1.181,1.127,1.5,2.2,2.4,1.9,1.3,1.2,1.354,1.314,1.294
Supervisory Baseline,Yes,2020 Q4,3.3,2.1,4.5,2.8,3.1,2.3,4,6.5,8.9,8.11,-7.14,-10.1,2.3,2,1.6,2.7,0.1,0.1,1.9,0.9,3.1,1.8,2.4,3.6,4.2,5.5,5.2,3.9,4.9,5.2,3.2,3.2,5.8,18143.2,25405.5,31994.9,140.7,172.9,210.6,317.3,176,240.2,15,18.7,23.8,1.7,2.1,2.4,1.9,1.2,1.1,1.219,1.185,1.132,1.5,2.3,2.6,1.9,1.4,1.3,1.354,1.314,1.293
Supervisory Baseline,Yes,2021 Q1,3.3,2.1,4.5,2.9,3.3,2.3,4.1,6.3,8.6,7.89,-8.7,-11.34,2.3,1.9,1.5,2.7,0.1,0.1,1.9,0.9,3.1,1.9,2.4,3.6,4,5,5.2,3.9,4.7,5.3,3.2,3.2,5.8,20168.3,26624.8,32370.9,143,173.9,212.2,319.7,180.5,241.8,14.4,18.3,23.9,1.6,2,2.3,1.9,1.3,1.2,1.219,1.188,1.136,1.6,2.3,2.6,1.9,1.5,1.4,1.354,1.315,1.293
